IncidntNum,Category,Descript,DayOfWeek,Date,Time,PdDistrict,Resolution,Address,X,Y,Location,PdId
156231365,VANDALISM,MALICIOUS MISCHIEF/ VANDALISM,Wednesday,9/16/2015,23:30,CENTRAL,NONE,JEFFERSON ST / TAYLOR ST,-122.4158057,37.80821201,(37.80821200646/ -122.41580571059),1.56E+13
150815161,SUSPICIOUS OCC,INVESTIGATIVE DETENTION,Wednesday,9/16/2015,23:28,MISSION,NONE,600 Block of CAPP ST,-122.417665,37.75629054,(37.7562905437465/ -122.417664996559),1.51E+13
150815161,ROBBERY,ROBBERY/ ARMED WITH A GUN,Wednesday,9/16/2015,23:28,MISSION,NONE,600 Block of CAPP ST,-122.417665,37.75629054,(37.7562905437465/ -122.417664996559),1.51E+13
150815224,ASSAULT,BATTERY/ FORMER SPOUSE OR DATING RELATIONSHIP,Wednesday,9/16/2015,23:27,TARAVAL,ARREST/ BOOKED,1800 Block of 21ST AV,-122.4786187,37.75319292,(37.7531929151299/ -122.478618706027),1.51E+13
150815155,ASSAULT,AGGRAVATED ASSAULT WITH A GUN,Wednesday,9/16/2015,23:21,SOUTHERN,NONE,8TH ST / MISSION ST,-122.4131609,37.77745666,(37.7774566611807/ -122.41316085097),1.51E+13
150815127,ASSAULT,BATTERY,Wednesday,9/16/2015,23:20,SOUTHERN,NONE,5TH ST / MARKET ST,-122.4080683,37.78399168,(37.7839916768161/ -122.408068345148),1.51E+13
150815127,VANDALISM,MALICIOUS MISCHIEF/ STREET CARS/BUSES,Wednesday,9/16/2015,23:20,SOUTHERN,NONE,5TH ST / MARKET ST,-122.4080683,37.78399168,(37.7839916768161/ -122.408068345148),1.51E+13
150815199,OTHER OFFENSES,MISCELLANEOUS INVESTIGATION,Wednesday,9/16/2015,23:16,INGLESIDE,NONE,MISSION ST / TRUMBULL ST,-122.4293067,37.73074292,(37.7307429169559/ -122.429306728376),1.51E+13
150823283,ASSAULT,BATTERY/ FORMER SPOUSE OR DATING RELATIONSHIP,Wednesday,9/16/2015,23:00,TARAVAL,NONE,2600 Block of 33RD AV,-122.4903286,37.7382931,(37.738293097252/ -122.490328575189),1.51E+13
150815218,LARCENY/THEFT,GRAND THEFT FROM LOCKED AUTO,Wednesday,9/16/2015,23:00,NORTHERN,NONE,2100 Block of SACRAMENTO ST,-122.4282749,37.79050697,(37.7905069698436/ -122.428274924635),1.51E+13
150817452,VEHICLE THEFT,STOLEN TRUCK,Wednesday,9/16/2015,23:00,MISSION,NONE,3600 Block of 23RD ST,-122.4238913,37.75346261,(37.7534626136883/ -122.423891274444),1.51E+13
150823283,ROBBERY,ROBBERY/ BODILY FORCE,Wednesday,9/16/2015,23:00,TARAVAL,NONE,2600 Block of 33RD AV,-122.4903286,37.7382931,(37.738293097252/ -122.490328575189),1.51E+13
150823283,KIDNAPPING,KIDNAPPING/ ADULT VICTIM,Wednesday,9/16/2015,23:00,TARAVAL,NONE,2600 Block of 33RD AV,-122.4903286,37.7382931,(37.738293097252/ -122.490328575189),1.51E+13
150823283,VANDALISM,MALICIOUS MISCHIEF/ VANDALISM,Wednesday,9/16/2015,23:00,TARAVAL,NONE,2600 Block of 33RD AV,-122.4903286,37.7382931,(37.738293097252/ -122.490328575189),1.51E+13
150815092,OTHER OFFENSES,VIOLATION OF STAY AWAY ORDER,Wednesday,9/16/2015,22:58,MISSION,ARREST/ BOOKED,2100 Block of MISSION ST,-122.4193859,37.76283309,(37.7628330926795/ -122.419385927086),1.51E+13
150815092,ASSAULT,THREATS AGAINST LIFE,Wednesday,9/16/2015,22:58,MISSION,ARREST/ BOOKED,2100 Block of MISSION ST,-122.4193859,37.76283309,(37.7628330926795/ -122.419385927086),1.51E+13
150815092,OTHER OFFENSES,STAY AWAY ORDER VIOLATION/ DV RELATED,Wednesday,9/16/2015,22:58,MISSION,ARREST/ BOOKED,2100 Block of MISSION ST,-122.4193859,37.76283309,(37.7628330926795/ -122.419385927086),1.51E+13
150815092,SECONDARY CODES,DOMESTIC VIOLENCE,Wednesday,9/16/2015,22:58,MISSION,ARREST/ BOOKED,2100 Block of MISSION ST,-122.4193859,37.76283309,(37.7628330926795/ -122.419385927086),1.51E+13
150815008,ASSAULT,AGGRAVATED ASSAULT WITH BODILY FORCE,Wednesday,9/16/2015,22:38,BAYVIEW,NONE,800 Block of JAMESTOWN AV,-122.3904178,37.71650618,(37.7165061780871/ -122.390417767431),1.51E+13
150815008,ASSAULT,THREATS AGAINST LIFE,Wednesday,9/16/2015,22:38,BAYVIEW,NONE,800 Block of JAMESTOWN AV,-122.3904178,37.71650618,(37.7165061780871/ -122.390417767431),1.51E+13
150815020,NON-CRIMINAL,AIDED CASE/ MENTAL DISTURBED,Wednesday,9/16/2015,22:31,BAYVIEW,NONE,1200 Block of JAMESTOWN AV,-122.3978115,37.72081597,(37.7208159658331/ -122.397811544423),1.51E+13
150818303,VEHICLE THEFT,STOLEN AUTOMOBILE,Wednesday,9/16/2015,22:30,MISSION,NONE,FOLSOM ST / 15TH ST,-122.4154644,37.76693703,(37.7669370292874/ -122.415464372874),1.51E+13
150815058,LARCENY/THEFT,PETTY THEFT SHOPLIFTING,Wednesday,9/16/2015,22:27,PARK,ARREST/ BOOKED,2600 Block of GEARY BL,-122.446613,37.78224582,(37.7822458223917/ -122.446612978839),1.51E+13
150815149,WARRANTS,WARRANT ARREST,Wednesday,9/16/2015,22:23,NORTHERN,NONE,VANNESS AV / SACRAMENTO ST,-122.422517,37.79128899,(37.7912889898479/ -122.422516966616),1.51E+13
150815149,OTHER OFFENSES,TRAFFIC VIOLATION ARREST,Wednesday,9/16/2015,22:23,NORTHERN,NONE,VANNESS AV / SACRAMENTO ST,-122.422517,37.79128899,(37.7912889898479/ -122.422516966616),1.51E+13
150815149,OTHER OFFENSES,DRIVERS LICENSE/ SUSPENDED OR REVOKED,Wednesday,9/16/2015,22:23,NORTHERN,NONE,VANNESS AV / SACRAMENTO ST,-122.422517,37.79128899,(37.7912889898479/ -122.422516966616),1.51E+13
150820483,ASSAULT,AGGRAVATED ASSAULT WITH A KNIFE,Wednesday,9/16/2015,22:00,MISSION,NONE,24TH ST / MISSION ST,-122.4184482,37.75223917,(37.7522391652625/ -122.418448186101),1.51E+13
156230919,LARCENY/THEFT,GRAND THEFT FROM LOCKED AUTO,Wednesday,9/16/2015,22:00,SOUTHERN,NONE,RIZAL ST / LAPU-LAPU ST,-122.3988824,37.78222265,(37.7822226458536/ -122.398882384128),1.56E+13
150815252,VANDALISM,MALICIOUS MISCHIEF/ VANDALISM OF VEHICLES,Wednesday,9/16/2015,22:00,NORTHERN,NONE,800 Block of OFARRELL ST,-122.4187513,37.785116,(37.7851160049429/ -122.418751252829),1.51E+13
150815848,NON-CRIMINAL,LOST PROPERTY,Wednesday,9/16/2015,22:00,CENTRAL,NONE,1100 Block of CALIFORNIA ST,-122.4132889,37.79146553,(37.7914655329997/ -122.413288872508),1.51E+13
150818632,VEHICLE THEFT,STOLEN MOTORCYCLE,Wednesday,9/16/2015,22:00,MISSION,NONE,500 Block of DOLORES ST,-122.4258422,37.76062201,(37.7606220053743/ -122.425842162189),1.51E+13
156231105,NON-CRIMINAL,LOST PROPERTY,Wednesday,9/16/2015,22:00,CENTRAL,NONE,2900 Block of HYDE ST,-122.4209051,37.80805698,(37.8080569802618/ -122.420905124092),1.56E+13
150814812,NON-CRIMINAL,AIDED CASE/ MENTAL DISTURBED,Wednesday,9/16/2015,21:41,TENDERLOIN,NONE,200 Block of EDDY ST,-122.4118001,37.78408904,(37.7840890366868/ -122.411800134753),1.51E+13
150814919,OTHER OFFENSES,DRIVERS LICENSE/ SUSPENDED OR REVOKED,Wednesday,9/16/2015,21:00,SOUTHERN,ARREST/ BOOKED,HARRISON ST / 1ST ST,-122.3929409,37.7860677,(37.7860677021529/ -122.392940948663),1.51E+13
150814759,NON-CRIMINAL,FOUND PROPERTY,Wednesday,9/16/2015,21:00,MISSION,NONE,17TH ST / HARTFORD ST,-122.4340635,37.76254864,(37.7625486367545/ -122.434063454683),1.51E+13
150814919,OTHER OFFENSES,PROBATION VIOLATION,Wednesday,9/16/2015,21:00,SOUTHERN,ARREST/ BOOKED,HARRISON ST / 1ST ST,-122.3929409,37.7860677,(37.7860677021529/ -122.392940948663),1.51E+13
150814919,OTHER OFFENSES,POSSESSION OF BURGLARY TOOLS,Wednesday,9/16/2015,21:00,SOUTHERN,ARREST/ BOOKED,HARRISON ST / 1ST ST,-122.3929409,37.7860677,(37.7860677021529/ -122.392940948663),1.51E+13
150815202,LARCENY/THEFT,GRAND THEFT FROM LOCKED AUTO,Wednesday,9/16/2015,21:00,SOUTHERN,NONE,HOWARD ST / 10TH ST,-122.4143706,37.77404184,(37.7740418385041/ -122.414370627495),1.51E+13
150814709,OTHER OFFENSES,DRIVERS LICENSE/ SUSPENDED OR REVOKED,Wednesday,9/16/2015,21:00,SOUTHERN,ARREST/ BOOKED,MONTGOMERY ST / MARKET ST,-122.4020702,37.78871987,(37.7887198688133/ -122.402070243227),1.51E+13
156230931,LARCENY/THEFT,GRAND THEFT FROM LOCKED AUTO,Wednesday,9/16/2015,21:00,SOUTHERN,NONE,HARRISON ST / 3RD ST,-122.3973888,37.78255435,(37.7825543452426/ -122.397388784826),1.56E+13
156230301,LARCENY/THEFT,GRAND THEFT OF PROPERTY,Wednesday,9/16/2015,21:00,NORTHERN,NONE,GROVE ST / STEINER ST,-122.4330299,37.7765502,(37.7765501954051/ -122.433029915448),1.56E+13
150814890,LARCENY/THEFT,GRAND THEFT FROM LOCKED AUTO,Wednesday,9/16/2015,21:00,CENTRAL,NONE,600 Block of KEARNY ST,-122.4048219,37.79422862,(37.7942286247262/ -122.404821897781),1.51E+13
156230856,LARCENY/THEFT,GRAND THEFT FROM UNLOCKED AUTO,Wednesday,9/16/2015,21:00,SOUTHERN,NONE,300 Block of 2ND ST,-122.3955644,37.78455502,(37.7845550166368/ -122.395564408516),1.56E+13
150814787,LARCENY/THEFT,PETTY THEFT SHOPLIFTING,Wednesday,9/16/2015,20:40,TENDERLOIN,ARREST/ BOOKED,200 Block of EDDY ST,-122.4118001,37.78408904,(37.7840890366868/ -122.411800134753),1.51E+13
150814787,OTHER OFFENSES,RESISTING ARREST,Wednesday,9/16/2015,20:40,TENDERLOIN,ARREST/ BOOKED,200 Block of EDDY ST,-122.4118001,37.78408904,(37.7840890366868/ -122.411800134753),1.51E+13
150814680,TRESPASS,TRESPASSING,Wednesday,9/16/2015,20:40,NORTHERN,ARREST/ BOOKED,200 Block of FRANKLIN ST,-122.4213512,37.77684957,(37.7768495726299/ -122.421351246136),1.51E+13
150814737,NON-CRIMINAL,AIDED CASE/ MENTAL DISTURBED,Wednesday,9/16/2015,20:32,NORTHERN,NONE,2300 Block of SACRAMENTO ST,-122.4315874,37.79020039,(37.790200386759/ -122.431587353631),1.51E+13
150816868,VEHICLE THEFT,STOLEN AUTOMOBILE,Wednesday,9/16/2015,20:30,SOUTHERN,NONE,3RD ST / MISSION ST,-122.4020277,37.78624835,(37.7862483456629/ -122.402027706948),1.51E+13
150814668,ASSAULT,AGGRAVATED ASSAULT WITH BODILY FORCE,Wednesday,9/16/2015,20:30,PARK,NONE,1400 Block of HAIGHT ST,-122.4461656,37.77016118,(37.7701611813393/ -122.446165617978),1.51E+13
150814931,SUSPICIOUS OCC,SUSPICIOUS OCCURRENCE,Wednesday,9/16/2015,20:30,INGLESIDE,NONE,100 Block of POPE ST,-122.44094,37.71325927,(37.7132592659067/ -122.440940005427),1.51E+13
150815616,VANDALISM,MALICIOUS MISCHIEF/ VANDALISM OF VEHICLES,Wednesday,9/16/2015,20:30,NORTHERN,NONE,1100 Block of LARKIN ST,-122.4184459,37.78821845,(37.7882184507651/ -122.418445946252),1.51E+13
150815484,NON-CRIMINAL,LOST PROPERTY,Wednesday,9/16/2015,20:30,TENDERLOIN,NONE,100 Block of ELLIS ST,-122.4082707,37.78549414,(37.7854941424186/ -122.408270724034),1.51E+13
156229445,LARCENY/THEFT,GRAND THEFT FROM UNLOCKED AUTO,Wednesday,9/16/2015,20:30,NORTHERN,NONE,1100 Block of FILLMORE ST,-122.4319796,37.78004785,(37.7800478529923/ -122.431979576386),1.56E+13
156231804,LARCENY/THEFT,GRAND THEFT FROM LOCKED AUTO,Wednesday,9/16/2015,20:30,SOUTHERN,NONE,800 Block of BRYANT ST,-122.4034048,37.77542071,(37.775420706711/ -122.403404791479),1.56E+13
150815133,SUSPICIOUS OCC,SUSPICIOUS OCCURRENCE,Wednesday,9/16/2015,20:24,INGLESIDE,NONE,300 Block of ALEMANY BL,-122.4123984,37.73405613,(37.7340561320083/ -122.412398375843),1.51E+13
150814696,ASSAULT,AGGRAVATED ASSAULT WITH A DEADLY WEAPON,Wednesday,9/16/2015,20:20,INGLESIDE,NONE,5000 Block of MISSION ST,-122.4403882,37.71745801,(37.7174580136719/ -122.440388229194),1.51E+13
150814696,ROBBERY,ROBBERY/ ARMED WITH A DANGEROUS WEAPON,Wednesday,9/16/2015,20:20,INGLESIDE,NONE,5000 Block of MISSION ST,-122.4403882,37.71745801,(37.7174580136719/ -122.440388229194),1.51E+13
150814721,SUSPICIOUS OCC,INVESTIGATIVE DETENTION,Wednesday,9/16/2015,20:13,INGLESIDE,ARREST/ BOOKED,CRESCENT AV / AGNON AV,-122.4221231,37.7351538,(37.7351537979385/ -122.422123114998),1.51E+13
150815296,LARCENY/THEFT,GRAND THEFT FROM LOCKED AUTO,Wednesday,9/16/2015,20:00,SOUTHERN,NONE,MISSION ST / 8TH ST,-122.4131609,37.77745666,(37.7774566611807/ -122.41316085097),1.51E+13
150814925,ASSAULT,THREAT OR FORCE TO RESIST EXECUTIVE OFFICER,Wednesday,9/16/2015,20:00,MISSION,ARREST/ BOOKED,3500 Block of 16TH ST,-122.4326987,37.76420851,(37.7642085124936/ -122.432698723051),1.51E+13
150814646,LARCENY/THEFT,GRAND THEFT FROM PERSON,Wednesday,9/16/2015,20:00,SOUTHERN,NONE,700 Block of MISSION ST,-122.40307,37.78526863,(37.7852686309087/ -122.403070000847),1.51E+13
150814840,LARCENY/THEFT,PETTY THEFT FROM LOCKED AUTO,Wednesday,9/16/2015,20:00,MISSION,NONE,400 Block of CASTRO ST,-122.4351501,37.76175972,(37.7617597243598/ -122.435150099812),1.51E+13
156229514,NON-CRIMINAL,LOST PROPERTY,Wednesday,9/16/2015,20:00,NORTHERN,NONE,0 Block of GROVE ST,-122.4174299,37.77853494,(37.7785349354394/ -122.41742986085),1.56E+13
150814925,FRAUD,DEFRAUDING AN INNKEEPER,Wednesday,9/16/2015,20:00,MISSION,ARREST/ BOOKED,3500 Block of 16TH ST,-122.4326987,37.76420851,(37.7642085124936/ -122.432698723051),1.51E+13
150814549,DRUG/NARCOTIC,POSSESSION OF NARCOTICS PARAPHERNALIA,Wednesday,9/16/2015,19:46,NORTHERN,ARREST/ BOOKED,HEMLOCK ST / POLK ST,-122.4200215,37.78728071,(37.7872807076108/ -122.420021471047),1.51E+13
150814715,OTHER OFFENSES,TRAFFIC VIOLATION ARREST,Wednesday,9/16/2015,19:40,MISSION,ARREST/ BOOKED,MARKET ST / PORTOLA DR,-122.4433495,37.75008137,(37.7500813664643/ -122.443349499107),1.51E+13
150814533,OTHER OFFENSES,TRAFFIC VIOLATION ARREST,Wednesday,9/16/2015,19:40,TENDERLOIN,ARREST/ BOOKED,MCALLISTER ST / HYDE ST,-122.415318,37.78071793,(37.7807179285998/ -122.415317966992),1.51E+13
150814533,ASSAULT,BATTERY OF A POLICE OFFICER,Wednesday,9/16/2015,19:40,TENDERLOIN,ARREST/ BOOKED,MCALLISTER ST / HYDE ST,-122.415318,37.78071793,(37.7807179285998/ -122.415317966992),1.51E+13
150814533,OTHER OFFENSES,RESISTING ARREST,Wednesday,9/16/2015,19:40,TENDERLOIN,ARREST/ BOOKED,MCALLISTER ST / HYDE ST,-122.415318,37.78071793,(37.7807179285998/ -122.415317966992),1.51E+13
150814806,LARCENY/THEFT,GRAND THEFT BICYCLE,Wednesday,9/16/2015,19:30,SOUTHERN,NONE,MISSION ST / 4TH ST,-122.4042702,37.78447885,(37.7844788538745/ -122.404270179486),1.51E+13
150815901,LARCENY/THEFT,PETTY THEFT FROM LOCKED AUTO,Wednesday,9/16/2015,19:30,PARK,NONE,TURK ST / SCOTT ST,-122.4370756,37.779868,(37.7798680003913/ -122.437075560735),1.51E+13
150814470,LARCENY/THEFT,PETTY THEFT SHOPLIFTING,Wednesday,9/16/2015,19:30,SOUTHERN,NONE,700 Block of MARKET ST,-122.4039191,37.7871161,(37.7871160984672/ -122.403919148357),1.51E+13
156230834,LARCENY/THEFT,GRAND THEFT FROM LOCKED AUTO,Wednesday,9/16/2015,19:30,SOUTHERN,NONE,800 Block of HARRISON ST,-122.4007999,37.77993387,(37.7799338672319/ -122.400799947914),1.56E+13
156233822,LARCENY/THEFT,PETTY THEFT OF PROPERTY,Wednesday,9/16/2015,19:30,SOUTHERN,NONE,600 Block of MISSION ST,-122.4002189,37.78775238,(37.7877523788601/ -122.400218868349),1.56E+13
150814527,NON-CRIMINAL,AIDED CASE/ MENTAL DISTURBED,Wednesday,9/16/2015,19:29,RICHMOND,NONE,700 Block of 18TH AV,-122.4766915,37.7738311,(37.7738311003572/ -122.476691497828),1.51E+13
150814486,NON-CRIMINAL,AIDED CASE/ MENTAL DISTURBED,Wednesday,9/16/2015,19:25,INGLESIDE,NONE,1600 Block of GENEVA AV,-122.4279656,37.71158164,(37.7115816415732/ -122.427965645504),1.51E+13
150814464,OTHER OFFENSES,DRIVERS LICENSE/ SUSPENDED OR REVOKED,Wednesday,9/16/2015,19:23,BAYVIEW,ARREST/ BOOKED,17TH ST / ARKANSAS ST,-122.3987054,37.76501339,(37.765013394552/ -122.398705442404),1.51E+13
150814856,ASSAULT,THREAT OR FORCE TO RESIST EXECUTIVE OFFICER,Wednesday,9/16/2015,19:02,TENDERLOIN,ARREST/ BOOKED,300 Block of EDDY ST,-122.4129305,37.78383444,(37.7838344374141/ -122.412930522059),1.51E+13
150814856,FRAUD,FALSE ID TO PEACE OFFICER,Wednesday,9/16/2015,19:02,TENDERLOIN,ARREST/ BOOKED,300 Block of EDDY ST,-122.4129305,37.78383444,(37.7838344374141/ -122.412930522059),1.51E+13
150815064,LARCENY/THEFT,PETTY THEFT FROM LOCKED AUTO,Wednesday,9/16/2015,19:00,CENTRAL,NONE,BUSH ST / POWELL ST,-122.4087875,37.79015782,(37.7901578215257/ -122.408787528948),1.51E+13
150815086,LARCENY/THEFT,GRAND THEFT FROM LOCKED AUTO,Wednesday,9/16/2015,19:00,SOUTHERN,NONE,1700 Block of ALAMEDA ST,-122.4024486,37.76862184,(37.7686218429147/ -122.402448598316),1.51E+13
150814969,BURGLARY,BURGLARY OF APARTMENT HOUSE/ UNLAWFUL ENTRY,Wednesday,9/16/2015,19:00,BAYVIEW,NONE,100 Block of TOPEKA AV,-122.3980889,37.73350068,(37.7335006841226/ -122.398088929937),1.51E+13
150818096,ASSAULT,AGGRAVATED ASSAULT WITH A KNIFE,Wednesday,9/16/2015,19:00,SOUTHERN,ARREST/ BOOKED,100 Block of 6TH ST,-122.4084666,37.78070083,(37.7807008318778/ -122.408466556173),1.51E+13
150818096,SECONDARY CODES,DOMESTIC VIOLENCE,Wednesday,9/16/2015,19:00,SOUTHERN,ARREST/ BOOKED,100 Block of 6TH ST,-122.4084666,37.78070083,(37.7807008318778/ -122.408466556173),1.51E+13
150818096,OTHER OFFENSES,MISCELLANEOUS STATE FELONY,Wednesday,9/16/2015,19:00,SOUTHERN,ARREST/ BOOKED,100 Block of 6TH ST,-122.4084666,37.78070083,(37.7807008318778/ -122.408466556173),1.51E+13
156230953,LARCENY/THEFT,GRAND THEFT FROM LOCKED AUTO,Wednesday,9/16/2015,19:00,SOUTHERN,NONE,800 Block of BRYANT ST,-122.4034048,37.77542071,(37.775420706711/ -122.403404791479),1.56E+13
150814630,ASSAULT,BATTERY,Wednesday,9/16/2015,19:00,NORTHERN,ARREST/ BOOKED,1600 Block of WASHINGTON ST,-122.4204313,37.79341463,(37.7934146346654/ -122.420431296934),1.51E+13
150815597,VEHICLE THEFT,STOLEN TRUCK,Wednesday,9/16/2015,19:00,INGLESIDE,NONE,0 Block of DUNCAN ST,-122.4220127,37.74644916,(37.7464491625882/ -122.422012659838),1.51E+13
150816824,VANDALISM,MALICIOUS MISCHIEF/ VANDALISM,Wednesday,9/16/2015,18:35,MISSION,NONE,3000 Block of 16TH ST,-122.4207629,37.76504034,(37.7650403422958/ -122.420762936447),1.51E+13
150814975,LARCENY/THEFT,ATTEMPTED THEFT FROM LOCKED VEHICLE,Wednesday,9/16/2015,18:30,SOUTHERN,NONE,BRYANT ST / BEALE ST,-122.3896395,37.78622504,(37.7862250418081/ -122.389639531543),1.51E+13
150814828,OTHER OFFENSES,MISCELLANEOUS INVESTIGATION,Wednesday,9/16/2015,18:30,BAYVIEW,NONE,1500 Block of SHAFTER AV,-122.3898491,37.73047415,(37.7304741509374/ -122.389849114797),1.51E+13
150814771,LARCENY/THEFT,GRAND THEFT FROM LOCKED AUTO,Wednesday,9/16/2015,18:30,CENTRAL,NONE,1200 Block of THE EMBARCADERONORTH ST,-122.4043871,37.80607839,(37.8060783886253/ -122.404387129122),1.51E+13
150814771,FRAUD,CREDIT CARD/ THEFT BY USE OF,Wednesday,9/16/2015,18:30,CENTRAL,NONE,1200 Block of THE EMBARCADERONORTH ST,-122.4043871,37.80607839,(37.8060783886253/ -122.404387129122),1.51E+13
156230787,LARCENY/THEFT,GRAND THEFT FROM LOCKED AUTO,Wednesday,9/16/2015,18:30,SOUTHERN,NONE,0 Block of BRYANT ST,-122.3883336,37.78704935,(37.7870493450273/ -122.388333561781),1.56E+13
150814345,WARRANTS,PROBATION SEARCH,Wednesday,9/16/2015,18:29,SOUTHERN,NONE,800 Block of BRYANT ST,-122.4034048,37.77542071,(37.775420706711/ -122.403404791479),1.51E+13
150814345,SUSPICIOUS OCC,INVESTIGATIVE DETENTION,Wednesday,9/16/2015,18:29,SOUTHERN,NONE,800 Block of BRYANT ST,-122.4034048,37.77542071,(37.775420706711/ -122.403404791479),1.51E+13
150814301,FRAUD,CREDIT CARD/ THEFT BY USE OF,Wednesday,9/16/2015,18:25,SOUTHERN,NONE,600 Block of MARKET ST,-122.401655,37.78890489,(37.7889048945911/ -122.401655040432),1.51E+13
150814301,SECONDARY CODES,ATM RELATED CRIME,Wednesday,9/16/2015,18:25,SOUTHERN,NONE,600 Block of MARKET ST,-122.401655,37.78890489,(37.7889048945911/ -122.401655040432),1.51E+13
150814232,OTHER OFFENSES,DRIVERS LICENSE/ SUSPENDED OR REVOKED,Wednesday,9/16/2015,18:14,BAYVIEW,ARREST/ BOOKED,EVANS AV / TOLAND ST,-122.3960102,37.74726229,(37.7472622922066/ -122.396010154384),1.51E+13
150814260,ROBBERY,ROBBERY/ BODILY FORCE,Wednesday,9/16/2015,18:05,RICHMOND,JUVENILE BOOKED,6300 Block of GEARY BL,-122.4874155,37.77984702,(37.7798470223491/ -122.487415459555),1.51E+13
150814276,NON-CRIMINAL,AIDED CASE -PROPERTY FOR DESTRUCTION,Wednesday,9/16/2015,18:00,PARK,NONE,0 Block of BEULAH ST,-122.450911,37.76753573,(37.7675357295038/ -122.450910971518),1.51E+13
150814793,LARCENY/THEFT,GRAND THEFT FROM LOCKED AUTO,Wednesday,9/16/2015,18:00,RICHMOND,NONE,32ND AV / CLEMENT ST,-122.4923745,37.78167415,(37.7816741486722/ -122.492374470766),1.51E+13
150815177,LARCENY/THEFT,PETTY THEFT FROM LOCKED AUTO,Wednesday,9/16/2015,18:00,SOUTHERN,NONE,1ST ST / MISSION ST,-122.3975764,37.78976193,(37.7897619308836/ -122.397576409113),1.51E+13
150815177,VEHICLE THEFT,STOLEN AUTOMOBILE,Wednesday,9/16/2015,18:00,SOUTHERN,NONE,1ST ST / MISSION ST,-122.3975764,37.78976193,(37.7897619308836/ -122.397576409113),1.51E+13
156231020,LARCENY/THEFT,PETTY THEFT FROM A BUILDING,Wednesday,9/16/2015,18:00,CENTRAL,NONE,THE EMBARCADERONORTH ST / WASHINGTON ST,-122.3953297,37.7966653,(37.7966652983014/ -122.395329662983),1.56E+13
156231020,LARCENY/THEFT,PETTY THEFT OF PROPERTY,Wednesday,9/16/2015,18:00,CENTRAL,NONE,THE EMBARCADERONORTH ST / WASHINGTON ST,-122.3953297,37.7966653,(37.7966652983014/ -122.395329662983),1.56E+13
156231020,FRAUD,CREDIT CARD/ THEFT BY USE OF,Wednesday,9/16/2015,18:00,CENTRAL,NONE,THE EMBARCADERONORTH ST / WASHINGTON ST,-122.3953297,37.7966653,(37.7966652983014/ -122.395329662983),1.56E+13
150814862,LARCENY/THEFT,GRAND THEFT FROM LOCKED AUTO,Wednesday,9/16/2015,18:00,SOUTHERN,NONE,0 Block of BRYANT ST,-122.3891593,37.78652223,(37.7865222343137/ -122.389159297168),1.51E+13
150814367,VANDALISM,MALICIOUS MISCHIEF/ VANDALISM OF VEHICLES,Wednesday,9/16/2015,18:00,INGLESIDE,NONE,3300 Block of MISSION ST,-122.4216445,37.74299701,(37.7429970144076/ -122.421644478447),1.51E+13
150822144,LARCENY/THEFT,PETTY THEFT BICYCLE,Wednesday,9/16/2015,18:00,MISSION,NONE,500 Block of GUERRERO ST,-122.4239565,37.76194488,(37.7619448798252/ -122.423956468),1.51E+13
156230812,LARCENY/THEFT,GRAND THEFT FROM LOCKED AUTO,Wednesday,9/16/2015,18:00,SOUTHERN,NONE,300 Block of 11TH ST,-122.4131894,37.77127369,(37.7712736913576/ -122.413189430011),1.56E+13
150815042,LARCENY/THEFT,PETTY THEFT FROM LOCKED AUTO,Wednesday,9/16/2015,18:00,PARK,NONE,1000 Block of HAYES ST,-122.4336615,37.77546523,(37.7754652277638/ -122.433661492778),1.51E+13
150810923,WARRANTS,ENROUTE TO DEPARTMENT OF CORRECTIONS,Wednesday,9/16/2015,17:57,BAYVIEW,ARREST/ BOOKED,1700 Block of INDIANA ST,-122.3901935,37.74846321,(37.7484632085097/ -122.390193507575),1.51E+13
150810923,WARRANTS,ENROUTE TO OUTSIDE JURISDICTION,Wednesday,9/16/2015,17:57,BAYVIEW,ARREST/ BOOKED,1700 Block of INDIANA ST,-122.3901935,37.74846321,(37.7484632085097/ -122.390193507575),1.51E+13
150814226,BURGLARY,BURGLARY/ VEHICLE (ARREST MADE),Wednesday,9/16/2015,17:44,SOUTHERN,ARREST/ BOOKED,11TH ST / HOWARD ST,-122.4155645,37.77309948,(37.773099482048/ -122.415564465695),1.51E+13
150814226,DRUG/NARCOTIC,POSSESSION OF NARCOTICS PARAPHERNALIA,Wednesday,9/16/2015,17:44,SOUTHERN,ARREST/ BOOKED,11TH ST / HOWARD ST,-122.4155645,37.77309948,(37.773099482048/ -122.415564465695),1.51E+13
150814226,OTHER OFFENSES,POSSESSION OF BURGLARY TOOLS,Wednesday,9/16/2015,17:44,SOUTHERN,ARREST/ BOOKED,11TH ST / HOWARD ST,-122.4155645,37.77309948,(37.773099482048/ -122.415564465695),1.51E+13
150814226,WARRANTS,WARRANT ARREST,Wednesday,9/16/2015,17:44,SOUTHERN,ARREST/ BOOKED,11TH ST / HOWARD ST,-122.4155645,37.77309948,(37.773099482048/ -122.415564465695),1.51E+13
150814282,LARCENY/THEFT,PETTY THEFT FROM LOCKED AUTO,Wednesday,9/16/2015,17:40,RICHMOND,NONE,500 Block of JOHNFKENNEDY DR,-122.4662047,37.77254054,(37.7725405391593/ -122.466204667893),1.51E+13
156230442,LARCENY/THEFT,GRAND THEFT OF PROPERTY,Wednesday,9/16/2015,17:40,SOUTHERN,NONE,0 Block of 10TH ST,-122.4171597,37.77634716,(37.7763471604576/ -122.417159710491),1.56E+13
150814577,NON-CRIMINAL,FOUND PROPERTY,Wednesday,9/16/2015,17:30,PARK,NONE,200 Block of CASTRO ST,-122.4352875,37.7645185,(37.7645185041665/ -122.435287518279),1.51E+13
150814743,LARCENY/THEFT,GRAND THEFT FROM LOCKED AUTO,Wednesday,9/16/2015,17:30,RICHMOND,NONE,1000 Block of GREAT HY,-122.5102257,37.76724422,(37.7672442209616/ -122.510225749052),1.51E+13
156230806,LARCENY/THEFT,GRAND THEFT FROM LOCKED AUTO,Wednesday,9/16/2015,17:30,SOUTHERN,NONE,0 Block of SOUTHPARK AV,-122.3929987,37.78225513,(37.7822551330244/ -122.392998702818),1.56E+13
150814094,OTHER OFFENSES,TRAFFIC VIOLATION ARREST,Wednesday,9/16/2015,17:25,MISSION,ARREST/ BOOKED,16TH ST / POND ST,-122.4322818,37.7642892,(37.7642891955749/ -122.432281791678),1.51E+13
156231036,LARCENY/THEFT,PETTY THEFT OF PROPERTY,Wednesday,9/16/2015,17:24,CENTRAL,NONE,STOCKTON ST / SACRAMENTO ST,-122.4077298,37.7931773,(37.7931773025837/ -122.407729769991),1.56E+13
150813933,NON-CRIMINAL,TURNED IN GUN,Wednesday,9/16/2015,17:20,MISSION,NONE,600 Block of VALENCIA ST,-122.4217477,37.76274366,(37.7627436601147/ -122.421747650463),1.51E+13
150815111,MISSING PERSON,MISSING ADULT,Wednesday,9/16/2015,17:20,PARK,NONE,700 Block of BAKER ST,-122.4417054,37.77785401,(37.7778540141174/ -122.441705386451),1.51E+13
156230793,LARCENY/THEFT,GRAND THEFT FROM LOCKED AUTO,Wednesday,9/16/2015,17:20,SOUTHERN,NONE,300 Block of 2ND ST,-122.3955644,37.78455502,(37.7845550166368/ -122.395564408516),1.56E+13
150814050,LIQUOR LAWS,SALE OF ALCOHOL TO MINOR,Wednesday,9/16/2015,17:15,INGLESIDE,ARREST/ BOOKED,300 Block of ROLPH ST,-122.4364544,37.71352874,(37.7135287414382/ -122.436454416648),1.51E+13
150814395,LARCENY/THEFT,PETTY THEFT FROM LOCKED AUTO,Wednesday,9/16/2015,17:05,MISSION,NONE,17TH ST / MISSION ST,-122.4195157,37.76342923,(37.7634292328496/ -122.419515708406),1.51E+13
150816539,ASSAULT,BATTERY,Wednesday,9/16/2015,17:04,SOUTHERN,NONE,5TH ST / SHIPLEY ST,-122.4028427,37.77982942,(37.7798294192767/ -122.402842748428),1.51E+13
150814044,LARCENY/THEFT,PETTY THEFT SHOPLIFTING,Wednesday,9/16/2015,17:01,NORTHERN,NONE,0 Block of DANIELBURNHAM CT,-122.4225406,37.78690887,(37.7869088658022/ -122.422540554174),1.51E+13
156229398,LARCENY/THEFT,GRAND THEFT FROM LOCKED AUTO,Wednesday,9/16/2015,17:00,TENDERLOIN,NONE,TURK ST / HYDE ST,-122.4156949,37.7825852,(37.7825851968467/ -122.415694922134),1.56E+13
150814107,OTHER OFFENSES,VIOLATION OF RESTRAINING ORDER,Wednesday,9/16/2015,16:55,PARK,ARREST/ BOOKED,700 Block of HAIGHT ST,-122.4345586,37.77152765,(37.7715276473111/ -122.434558622936),1.51E+13
150814107,ASSAULT,STALKING,Wednesday,9/16/2015,16:55,PARK,ARREST/ BOOKED,700 Block of HAIGHT ST,-122.4345586,37.77152765,(37.7715276473111/ -122.434558622936),1.51E+13
150814107,WARRANTS,WARRANT ARREST,Wednesday,9/16/2015,16:55,PARK,ARREST/ BOOKED,700 Block of HAIGHT ST,-122.4345586,37.77152765,(37.7715276473111/ -122.434558622936),1.51E+13
150813961,OTHER OFFENSES,DRIVERS LICENSE/ SUSPENDED OR REVOKED,Wednesday,9/16/2015,16:50,BAYVIEW,ARREST/ BOOKED,INDUSTRIAL ST / LOOMIS ST,-122.405647,37.73832219,(37.7383221869053/ -122.405646994567),1.51E+13
156229536,LARCENY/THEFT,PETTY THEFT OF PROPERTY,Wednesday,9/16/2015,16:48,NORTHERN,NONE,2100 Block of FILLMORE ST,-122.4340035,37.78937189,(37.7893718853177/ -122.434003515569),1.56E+13
150813927,WARRANTS,WARRANT ARREST,Wednesday,9/16/2015,16:34,TENDERLOIN,ARREST/ BOOKED,GOLDEN GATE AV / LEAVENWORTH ST,-122.4138696,37.78186219,(37.7818621883021/ -122.413869632554),1.51E+13
150814878,LARCENY/THEFT,GRAND THEFT FROM LOCKED AUTO,Wednesday,9/16/2015,16:32,NORTHERN,NONE,2000 Block of FRANKLIN ST,-122.4245394,37.79330078,(37.7933007783531/ -122.42453937013),1.51E+13
150813870,NON-CRIMINAL,AIDED CASE -PROPERTY FOR DESTRUCTION,Wednesday,9/16/2015,16:30,BAYVIEW,NONE,400 Block of AMHERST ST,-122.4152471,37.72390967,(37.7239096674854/ -122.415247116726),1.51E+13
156230458,LARCENY/THEFT,GRAND THEFT OF PROPERTY,Wednesday,9/16/2015,16:30,SOUTHERN,NONE,MASON ST / TURK ST,-122.4089536,37.78328787,(37.783287873572/ -122.408953598279),1.56E+13
156229285,NON-CRIMINAL,LOST PROPERTY,Wednesday,9/16/2015,16:30,INGLESIDE,NONE,5000 Block of MISSION ST,-122.4407777,37.71688065,(37.7168806524941/ -122.440777706243),1.56E+13
150814436,LARCENY/THEFT,GRAND THEFT FROM LOCKED AUTO,Wednesday,9/16/2015,16:30,NORTHERN,NONE,3600 Block of LYON ST,-122.4482784,37.80427189,(37.804271887891/ -122.44827840533),1.51E+13
156229718,LARCENY/THEFT,GRAND THEFT OF PROPERTY,Wednesday,9/16/2015,16:30,RICHMOND,NONE,400 Block of JOHNFKENNEDY DR,-122.465239,37.77250286,(37.772502862943/ -122.465239015938),1.56E+13
150813983,LARCENY/THEFT,GRAND THEFT BICYCLE,Wednesday,9/16/2015,16:25,SOUTHERN,NONE,700 Block of HOWARD ST,-122.4016587,37.78416669,(37.7841666882161/ -122.401658663476),1.51E+13
150813949,VEHICLE THEFT,STOLEN AUTOMOBILE,Wednesday,9/16/2015,16:20,CENTRAL,NONE,200 Block of COLUMBUS AV,-122.4058387,37.79736318,(37.7973631784416/ -122.40583874581),1.51E+13
156229451,LARCENY/THEFT,PETTY THEFT OF PROPERTY,Wednesday,9/16/2015,16:15,NORTHERN,NONE,VANNESS AV / MCALLISTER ST,-122.4202505,37.78007457,(37.7800745746334/ -122.420250482603),1.56E+13
150814555,LARCENY/THEFT,PETTY THEFT FROM A BUILDING,Wednesday,9/16/2015,16:15,MISSION,NONE,1600 Block of BRYANT ST,-122.4104781,37.76624632,(37.7662463209137/ -122.410478069487),1.51E+13
150813905,SECONDARY CODES,JUVENILE INVOLVED,Wednesday,9/16/2015,16:15,NORTHERN,NONE,1100 Block of FRANCISCO ST,-122.4241235,37.80336134,(37.8033613356362/ -122.42412350881),1.51E+13
150813905,ASSAULT,BATTERY,Wednesday,9/16/2015,16:15,NORTHERN,NONE,1100 Block of FRANCISCO ST,-122.4241235,37.80336134,(37.8033613356362/ -122.42412350881),1.51E+13
150814179,LARCENY/THEFT,ATTEMPTED THEFT FROM LOCKED VEHICLE,Wednesday,9/16/2015,16:00,TENDERLOIN,NONE,GOLDEN GATE AV / LEAVENWORTH ST,-122.4138696,37.78186219,(37.7818621883021/ -122.413869632554),1.51E+13
150814373,LARCENY/THEFT,GRAND THEFT FROM LOCKED AUTO,Wednesday,9/16/2015,16:00,NORTHERN,NONE,3600 Block of LYON ST,-122.4482784,37.80427189,(37.804271887891/ -122.44827840533),1.51E+13
150814389,LARCENY/THEFT,GRAND THEFT FROM LOCKED AUTO,Wednesday,9/16/2015,16:00,CENTRAL,NONE,100 Block of WASHINGTON ST,-122.397578,37.79631908,(37.7963190769396/ -122.397577988718),1.51E+13
150815791,ROBBERY,CARJACKING WITH BODILY FORCE,Wednesday,9/16/2015,16:00,PARK,NONE,600 Block of ASHBURY ST,-122.4469059,37.76952331,(37.769523314641/ -122.446905860023),1.51E+13
150815791,VEHICLE THEFT,STOLEN AUTOMOBILE,Wednesday,9/16/2015,16:00,PARK,NONE,600 Block of ASHBURY ST,-122.4469059,37.76952331,(37.769523314641/ -122.446905860023),1.51E+13
150818999,ROBBERY,ROBBERY/ BODILY FORCE,Wednesday,9/16/2015,16:00,BAYVIEW,NONE,400 Block of MANSELL ST,-122.4060798,37.72041062,(37.7204106184752/ -122.406079770608),1.51E+13
159005105,OTHER OFFENSES,DRIVERS LICENSE/ SUSPENDED OR REVOKED,Wednesday,9/16/2015,15:50,TARAVAL,ARREST/ BOOKED,HOLLOWAY AV / STRATFORD DR,-122.4736673,37.72136615,(37.7213661464135/ -122.473667284139),1.59E+13
150813858,ASSAULT,FALSE IMPRISONMENT,Wednesday,9/16/2015,15:43,MISSION,JUVENILE BOOKED,3800 Block of 24TH ST,-122.4279874,37.7516165,(37.7516164969942/ -122.42798739544),1.51E+13
150813858,ASSAULT,BATTERY,Wednesday,9/16/2015,15:43,MISSION,JUVENILE BOOKED,3800 Block of 24TH ST,-122.4279874,37.7516165,(37.7516164969942/ -122.42798739544),1.51E+13
150814323,ASSAULT,THREATS AGAINST LIFE,Wednesday,9/16/2015,15:30,TENDERLOIN,ARREST/ BOOKED,HYDE ST / EDDY ST,-122.4158851,37.78351606,(37.7835160564153/ -122.415885065788),1.51E+13
156230997,LARCENY/THEFT,GRAND THEFT FROM LOCKED AUTO,Wednesday,9/16/2015,15:30,SOUTHERN,NONE,MISSION ST / GRACE ST,-122.4154872,37.77560592,(37.7756059226244/ -122.415487220744),1.56E+13
150813745,BURGLARY,BURGLARY OF STORE/ UNLAWFUL ENTRY,Wednesday,9/16/2015,15:30,TENDERLOIN,ARREST/ BOOKED,100 Block of STOCKTON ST,-122.4064279,37.78710945,(37.78710945429/ -122.40642786236),1.51E+13
150813745,LARCENY/THEFT,GRAND THEFT SHOPLIFTING,Wednesday,9/16/2015,15:30,TENDERLOIN,ARREST/ BOOKED,100 Block of STOCKTON ST,-122.4064279,37.78710945,(37.78710945429/ -122.40642786236),1.51E+13
150813745,OTHER OFFENSES,POSSESSION OF BURGLARY TOOLS,Wednesday,9/16/2015,15:30,TENDERLOIN,ARREST/ BOOKED,100 Block of STOCKTON ST,-122.4064279,37.78710945,(37.78710945429/ -122.40642786236),1.51E+13
150815478,VEHICLE THEFT,STOLEN TRUCK,Wednesday,9/16/2015,15:30,BAYVIEW,NONE,100 Block of NUEVA AV,-122.3969402,37.71207811,(37.7120781056855/ -122.3969401651),1.51E+13
150813751,VANDALISM,MALICIOUS MISCHIEF/ STREET CARS/BUSES,Wednesday,9/16/2015,15:25,SOUTHERN,NONE,5TH ST / MISSION ST,-122.406482,37.78273179,(37.7827317884887/ -122.406481972743),1.51E+13
150816692,LARCENY/THEFT,GRAND THEFT PICKPOCKET,Wednesday,9/16/2015,15:25,NORTHERN,NONE,EDDY ST / VANNESS AV,-122.4208183,37.78289465,(37.7828946450912/ -122.420818330445),1.51E+13
150813632,DRUG/NARCOTIC,POSSESSION OF HEROIN,Wednesday,9/16/2015,15:22,TENDERLOIN,ARREST/ BOOKED,GOLDEN GATE AV / JONES ST,-122.4122242,37.78207293,(37.7820729312029/ -122.412224164736),1.51E+13
150813632,DRUG/NARCOTIC,POSSESSION OF HEROIN FOR SALES,Wednesday,9/16/2015,15:22,TENDERLOIN,ARREST/ BOOKED,GOLDEN GATE AV / JONES ST,-122.4122242,37.78207293,(37.7820729312029/ -122.412224164736),1.51E+13
150813632,DRUG/NARCOTIC,SALE OF HEROIN,Wednesday,9/16/2015,15:22,TENDERLOIN,ARREST/ BOOKED,GOLDEN GATE AV / JONES ST,-122.4122242,37.78207293,(37.7820729312029/ -122.412224164736),1.51E+13
150814254,LARCENY/THEFT,GRAND THEFT PICKPOCKET,Wednesday,9/16/2015,15:20,CENTRAL,NONE,STOCKTON ST / PACIFIC AV,-122.4084331,37.79670393,(37.7967039278443/ -122.408433097286),1.51E+13
150814163,ROBBERY,ATTEMPTED ROBBERY WITH BODILY FORCE,Wednesday,9/16/2015,15:19,BAYVIEW,NONE,WILLIAMS AV / CERES ST,-122.3944821,37.72952804,(37.72952804164/ -122.39448211485),1.51E+13
150813814,LARCENY/THEFT,GRAND THEFT PICKPOCKET,Wednesday,9/16/2015,15:16,NORTHERN,NONE,CHURCH ST / MARKET ST,-122.42895,37.76750273,(37.7675027326801/ -122.428950032727),1.51E+13
150813701,DRUNKENNESS,UNDER INFLUENCE OF ALCOHOL IN A PUBLIC PLACE,Wednesday,9/16/2015,15:15,NORTHERN,ARREST/ BOOKED,300 Block of WEBSTER ST,-122.4290177,37.77373225,(37.7737322487738/ -122.429017675936),1.51E+13
150813701,NON-CRIMINAL,AIDED CASE,Wednesday,9/16/2015,15:15,NORTHERN,ARREST/ BOOKED,300 Block of WEBSTER ST,-122.4290177,37.77373225,(37.7737322487738/ -122.429017675936),1.51E+13
150813660,OTHER OFFENSES,RESTRAINING ORDER NOTIFICATION/SERVICE OF RESTRAINING ORDER,Wednesday,9/16/2015,15:10,RICHMOND,ARREST/ BOOKED,500 Block of 15TH AV,-122.4736951,37.77770817,(37.7777081697917/ -122.473695144449),1.51E+13
150813660,ASSAULT,BATTERY,Wednesday,9/16/2015,15:10,RICHMOND,ARREST/ BOOKED,500 Block of 15TH AV,-122.4736951,37.77770817,(37.7777081697917/ -122.473695144449),1.51E+13
150813660,VANDALISM,MALICIOUS MISCHIEF/ VANDALISM,Wednesday,9/16/2015,15:10,RICHMOND,ARREST/ BOOKED,500 Block of 15TH AV,-122.4736951,37.77770817,(37.7777081697917/ -122.473695144449),1.51E+13
150813660,NON-CRIMINAL,AIDED CASE/ MENTAL DISTURBED,Wednesday,9/16/2015,15:10,RICHMOND,ARREST/ BOOKED,500 Block of 15TH AV,-122.4736951,37.77770817,(37.7777081697917/ -122.473695144449),1.51E+13
150816501,FRAUD,TRICK AND DEVICE/ PETTY THEFT,Wednesday,9/16/2015,15:00,TARAVAL,NONE,200 Block of WINSTON DR,-122.4779767,37.72693464,(37.7269346350353/ -122.477976682169),1.51E+13
150815638,VEHICLE THEFT,STOLEN TRUCK,Wednesday,9/16/2015,15:00,TARAVAL,NONE,2200 Block of 40TH AV,-122.4983163,37.74484165,(37.7448416460464/ -122.498316313906),1.51E+13
156234046,LARCENY/THEFT,PETTY THEFT OF PROPERTY,Wednesday,9/16/2015,14:59,PARK,NONE,0 Block of LOCKSLEY AV,-122.4633116,37.7592203,(37.7592202975893/ -122.46331160715),1.56E+13
150813626,ASSAULT,THREATS AGAINST LIFE,Wednesday,9/16/2015,14:50,TARAVAL,NONE,2000 Block of OCEAN AV,-122.4648874,37.72635676,(37.7263567583183/ -122.464887436585),1.51E+13
150813400,FORGERY/COUNTERFEITING,COUNTERFEITING/ POSSESSION COINS OR NOTES,Wednesday,9/16/2015,14:30,TENDERLOIN,ARREST/ BOOKED,0 Block of LEAVENWORTH ST,-122.413844,37.78140956,(37.7814095638534/ -122.413843995156),1.51E+13
150813400,WARRANTS,WARRANT ARREST,Wednesday,9/16/2015,14:30,TENDERLOIN,ARREST/ BOOKED,0 Block of LEAVENWORTH ST,-122.413844,37.78140956,(37.7814095638534/ -122.413843995156),1.51E+13
150814953,BURGLARY,BURGLARY OF RESIDENCE/ FORCIBLE ENTRY,Wednesday,9/16/2015,14:30,RICHMOND,NONE,1400 Block of BRODERICK ST,-122.4412801,37.78341891,(37.7834189092918/ -122.441280106254),1.51E+13
150813563,ROBBERY,ROBBERY ON THE STREET/ STRONGARM,Wednesday,9/16/2015,14:30,MISSION,NONE,2000 Block of MISSION ST,-122.4196583,37.76422056,(37.7642205603745/ -122.41965834371),1.51E+13
150813604,LARCENY/THEFT,PETTY THEFT SHOPLIFTING,Wednesday,9/16/2015,14:25,CENTRAL,NONE,100 Block of GEARY ST,-122.4058415,37.7877191,(37.7877190985177/ -122.405841476462),1.51E+13
150813610,STOLEN PROPERTY,STOLEN PROPERTY/ POSSESSION WITH KNOWLEDGE/ RECEIVING,Wednesday,9/16/2015,14:20,RICHMOND,ARREST/ BOOKED,FULTON ST / 18TH AV,-122.4766946,37.77291161,(37.7729116107214/ -122.476694618875),1.51E+13
150813610,WARRANTS,WARRANT ARREST,Wednesday,9/16/2015,14:20,RICHMOND,ARREST/ BOOKED,FULTON ST / 18TH AV,-122.4766946,37.77291161,(37.7729116107214/ -122.476694618875),1.51E+13
150813610,BURGLARY,BURGLARY/ VEHICLE (ARREST MADE),Wednesday,9/16/2015,14:20,RICHMOND,ARREST/ BOOKED,FULTON ST / 18TH AV,-122.4766946,37.77291161,(37.7729116107214/ -122.476694618875),1.51E+13
150813682,LARCENY/THEFT,GRAND THEFT FROM LOCKED AUTO,Wednesday,9/16/2015,14:20,NORTHERN,NONE,GROVE ST / STEINER ST,-122.4330299,37.7765502,(37.7765501954051/ -122.433029915448),1.51E+13
150813836,LARCENY/THEFT,PETTY THEFT FROM LOCKED AUTO,Wednesday,9/16/2015,14:20,SOUTHERN,NONE,400 Block of THE EMBARCADEROSOUTH ST,-122.3967085,37.79787289,(37.7978728855933/ -122.39670853026),1.51E+13
156229699,LARCENY/THEFT,GRAND THEFT OF PROPERTY,Wednesday,9/16/2015,14:05,RICHMOND,NONE,2800 Block of TURK ST,-122.451998,37.77805012,(37.7780501202623/ -122.451998028803),1.56E+13
150817355,OTHER OFFENSES,FRAUDULENT GAME OR TRICK/ OBTAINING MONEY OR PROPERTY,Wednesday,9/16/2015,14:00,MISSION,NONE,2300 Block of MARKET ST,-122.434229,37.76348501,(37.7634850137846/ -122.434229003953),1.51E+13
150812270,OTHER OFFENSES,TRAFFIC VIOLATION ARREST,Wednesday,9/16/2015,14:00,INGLESIDE,ARREST/ BOOKED,PHELAN AV / OCEAN AV,-122.4523301,37.72307871,(37.7230787059359/ -122.452330120871),1.51E+13
156230339,LARCENY/THEFT,PETTY THEFT OF PROPERTY,Wednesday,9/16/2015,14:00,MISSION,NONE,17TH ST / SHOTWELL ST,-122.4162304,37.76363377,(37.7636337702985/ -122.416230392543),1.56E+13
150814129,VEHICLE THEFT,STOLEN TRUCK,Wednesday,9/16/2015,14:00,CENTRAL,NONE,3200 Block of VANNESS AV,-122.4252211,37.80556003,(37.8055600294296/ -122.425221057967),1.51E+13
150814339,NON-CRIMINAL,FOUND PROPERTY,Wednesday,9/16/2015,14:00,MISSION,NONE,600 Block of VALENCIA ST,-122.4217477,37.76274366,(37.7627436601147/ -122.421747650463),1.51E+13
150813886,LARCENY/THEFT,PETTY THEFT FROM LOCKED AUTO,Wednesday,9/16/2015,14:00,RICHMOND,NONE,500 Block of JOHNFKENNEDY DR,-122.4662047,37.77254054,(37.7725405391593/ -122.466204667893),1.51E+13
150814602,MISSING PERSON,MISSING ADULT,Wednesday,9/16/2015,14:00,CENTRAL,NONE,800 Block of WASHINGTON ST,-122.4077931,37.79503257,(37.7950325698412/ -122.407793068572),1.51E+13
150814602,MISSING PERSON,FOUND PERSON,Wednesday,9/16/2015,14:00,CENTRAL,NONE,800 Block of WASHINGTON ST,-122.4077931,37.79503257,(37.7950325698412/ -122.407793068572),1.51E+13
150814997,LARCENY/THEFT,GRAND THEFT FROM LOCKED AUTO,Wednesday,9/16/2015,14:00,CENTRAL,NONE,2300 Block of STOCKTON ST,-122.4105247,37.80744512,(37.8074451162355/ -122.410524742229),1.51E+13
150814997,VANDALISM,MALICIOUS MISCHIEF/ VANDALISM,Wednesday,9/16/2015,14:00,CENTRAL,NONE,2300 Block of STOCKTON ST,-122.4105247,37.80744512,(37.8074451162355/ -122.410524742229),1.51E+13
150815070,NON-CRIMINAL,FOUND PROPERTY,Wednesday,9/16/2015,14:00,MISSION,NONE,600 Block of VALENCIA ST,-122.4217477,37.76274366,(37.7627436601147/ -122.421747650463),1.51E+13
150813654,LARCENY/THEFT,GRAND THEFT SHOPLIFTING,Wednesday,9/16/2015,14:00,CENTRAL,NONE,0 Block of GEARY ST,-122.4042718,37.787808,(37.7878080003666/ -122.404271795034),1.51E+13
156229661,NON-CRIMINAL,LOST PROPERTY,Wednesday,9/16/2015,13:53,RICHMOND,NONE,DIVISADERO ST / CALIFORNIA ST,-122.4404427,37.78806714,(37.7880671350434/ -122.440442684037),1.56E+13
150813303,NON-CRIMINAL,STAY AWAY OR COURT ORDER/ NON-DV RELATED,Wednesday,9/16/2015,13:45,TENDERLOIN,ARREST/ BOOKED,100 Block of LEAVENWORTH ST,-122.4140298,37.78232912,(37.7823291237659/ -122.414029821727),1.51E+13
150813303,OTHER OFFENSES,PROBATION VIOLATION,Wednesday,9/16/2015,13:45,TENDERLOIN,ARREST/ BOOKED,100 Block of LEAVENWORTH ST,-122.4140298,37.78232912,(37.7823291237659/ -122.414029821727),1.51E+13
150813585,ASSAULT,INFLICT INJURY ON COHABITEE,Wednesday,9/16/2015,13:45,INGLESIDE,NONE,700 Block of GATES ST,-122.4144496,37.73403879,(37.7340387867203/ -122.414449596212),1.51E+13
150813585,VANDALISM,MALICIOUS MISCHIEF/ VANDALISM,Wednesday,9/16/2015,13:45,INGLESIDE,NONE,700 Block of GATES ST,-122.4144496,37.73403879,(37.7340387867203/ -122.414449596212),1.51E+13
150813262,WARRANTS,WARRANT ARREST,Wednesday,9/16/2015,13:45,NORTHERN,ARREST/ BOOKED,100 Block of GROVE ST,-122.4190639,37.77832687,(37.7783268674219/ -122.419063862505),1.51E+13
150813438,OTHER OFFENSES,VIOLATION OF RESTRAINING ORDER,Wednesday,9/16/2015,13:37,INGLESIDE,NONE,0 Block of ROEMER WY,-122.4465717,37.7090296,(37.7090296042376/ -122.446571654745),1.51E+13
150813648,LARCENY/THEFT,GRAND THEFT FROM LOCKED AUTO,Wednesday,9/16/2015,13:30,TARAVAL,NONE,3200 Block of 20TH AV,-122.4756475,37.72852806,(37.7285280627465/ -122.475647460786),1.51E+13
150813284,OTHER OFFENSES,SCHOOL/ PUBLIC/ TRESPASS,Wednesday,9/16/2015,13:30,INGLESIDE,NONE,0 Block of PHELAN AV,-122.4522897,37.72569336,(37.7256933575703/ -122.452289660492),1.51E+13
150813466,NON-CRIMINAL,AIDED CASE,Wednesday,9/16/2015,13:29,BAYVIEW,NONE,BAY SHORE BL / VISITACION AV,-122.4042261,37.71040888,(37.7104088782401/ -122.404226078396),1.51E+13
150813513,LARCENY/THEFT,GRAND THEFT FROM A BUILDING,Wednesday,9/16/2015,13:25,NORTHERN,NONE,1500 Block of POLK ST,-122.4208504,37.79103714,(37.7910371428072/ -122.420850403389),1.51E+13
156229746,NON-CRIMINAL,LOST PROPERTY,Wednesday,9/16/2015,13:21,RICHMOND,NONE,GEARY BL / 12TH AV,-122.4707177,37.78072236,(37.7807223605634/ -122.470717727261),1.56E+13
150813121,LARCENY/THEFT,PETTY THEFT FROM LOCKED AUTO,Wednesday,9/16/2015,13:07,TARAVAL,NONE,1700 Block of OCEAN AV,-122.4607577,37.72477141,(37.7247714119319/ -122.460757719049),1.51E+13
150813143,OTHER OFFENSES,EVADING A POLICE OFFICER RECKLESSLY,Wednesday,9/16/2015,13:03,SOUTHERN,ARREST/ BOOKED,800 Block of BRYANT ST,-122.4034048,37.77542071,(37.775420706711/ -122.403404791479),1.51E+13
150813143,OTHER OFFENSES,PROBATION VIOLATION,Wednesday,9/16/2015,13:03,SOUTHERN,ARREST/ BOOKED,800 Block of BRYANT ST,-122.4034048,37.77542071,(37.775420706711/ -122.403404791479),1.51E+13
150813143,BURGLARY,BURGLARY/ VEHICLE (ARREST MADE),Wednesday,9/16/2015,13:03,SOUTHERN,ARREST/ BOOKED,800 Block of BRYANT ST,-122.4034048,37.77542071,(37.775420706711/ -122.403404791479),1.51E+13
150813143,OTHER OFFENSES,RESISTING ARREST,Wednesday,9/16/2015,13:03,SOUTHERN,ARREST/ BOOKED,800 Block of BRYANT ST,-122.4034048,37.77542071,(37.775420706711/ -122.403404791479),1.51E+13
150813143,STOLEN PROPERTY,STOLEN PROPERTY/ POSSESSION WITH KNOWLEDGE/ RECEIVING,Wednesday,9/16/2015,13:03,SOUTHERN,ARREST/ BOOKED,800 Block of BRYANT ST,-122.4034048,37.77542071,(37.775420706711/ -122.403404791479),1.51E+13
150813143,WARRANTS,ENROUTE TO OUTSIDE JURISDICTION,Wednesday,9/16/2015,13:03,SOUTHERN,ARREST/ BOOKED,800 Block of BRYANT ST,-122.4034048,37.77542071,(37.775420706711/ -122.403404791479),1.51E+13
150813143,OTHER OFFENSES,CONSPIRACY,Wednesday,9/16/2015,13:03,SOUTHERN,ARREST/ BOOKED,800 Block of BRYANT ST,-122.4034048,37.77542071,(37.775420706711/ -122.403404791479),1.51E+13
156230420,NON-CRIMINAL,LOST PROPERTY,Wednesday,9/16/2015,13:00,SOUTHERN,NONE,MARKET ST / VANNESS AV,-122.4192579,37.77514629,(37.7751462916539/ -122.419257894814),1.56E+13
150813002,SUSPICIOUS OCC,SUSPICIOUS OCCURRENCE,Wednesday,9/16/2015,13:00,BAYVIEW,UNFOUNDED,400 Block of TUNNEL AV,-122.4012612,37.70910001,(37.7091000059016/ -122.401261236893),1.51E+13
150813228,LARCENY/THEFT,GRAND THEFT FROM LOCKED AUTO,Wednesday,9/16/2015,13:00,PARK,NONE,1200 Block of WALLER ST,-122.4443106,37.76944279,(37.7694427864091/ -122.444310616667),1.51E+13
150813488,ASSAULT,THREATS AGAINST LIFE,Wednesday,9/16/2015,13:00,PARK,NONE,900 Block of DIVISADERO ST,-122.4385806,37.77825384,(37.7782538357888/ -122.43858055616),1.51E+13
150815989,NON-CRIMINAL,FOUND PROPERTY,Wednesday,9/16/2015,13:00,PARK,NONE,2000 Block of FULTON ST,-122.4505374,37.77522627,(37.7752262707149/ -122.450537364142),1.51E+13
150813068,WARRANTS,WARRANT ARREST,Wednesday,9/16/2015,13:00,SOUTHERN,ARREST/ BOOKED,800 Block of BRYANT ST,-122.4034048,37.77542071,(37.775420706711/ -122.403404791479),1.51E+13
150826237,MISSING PERSON,MISSING JUVENILE,Wednesday,9/16/2015,13:00,MISSION,NONE,1000 Block of YORK ST,-122.4084885,37.75523418,(37.7552341827451/ -122.408488484983),1.51E+13
150826237,MISSING PERSON,FOUND PERSON,Wednesday,9/16/2015,13:00,MISSION,NONE,1000 Block of YORK ST,-122.4084885,37.75523418,(37.7552341827451/ -122.408488484983),1.51E+13
156228607,LARCENY/THEFT,PETTY THEFT OF PROPERTY,Wednesday,9/16/2015,13:00,NORTHERN,NONE,400 Block of GOUGH ST,-122.423094,37.77710772,(37.7771077210197/ -122.42309400129),1.56E+13
156228732,LARCENY/THEFT,GRAND THEFT FROM LOCKED AUTO,Wednesday,9/16/2015,12:55,PARK,NONE,1200 Block of 7TH AV,-122.4641968,37.76549938,(37.7654993817453/ -122.464196791766),1.56E+13
150813137,ROBBERY,ROBBERY OF A BANK WITH BODILY FORCE,Wednesday,9/16/2015,12:55,RICHMOND,NONE,400 Block of CLEMENT ST,-122.4639021,37.78301893,(37.7830189318905/ -122.463902072852),1.51E+13
150813115,OTHER OFFENSES,EVADING A POLICE OFFICER RECKLESSLY,Wednesday,9/16/2015,12:52,BAYVIEW,ARREST/ BOOKED,BAY SHORE BL / CARROLL AV,-122.403403,37.73065883,(37.730658826685/ -122.403402998592),1.51E+13
150813115,WEAPON LAWS,POSS OF FIREARM BY CONVICTED FELON/ADDICT/ALIEN,Wednesday,9/16/2015,12:52,BAYVIEW,ARREST/ BOOKED,BAY SHORE BL / CARROLL AV,-122.403403,37.73065883,(37.730658826685/ -122.403402998592),1.51E+13
150813115,VEHICLE THEFT,STOLEN AND RECOVERED VEHICLE,Wednesday,9/16/2015,12:52,BAYVIEW,ARREST/ BOOKED,BAY SHORE BL / CARROLL AV,-122.403403,37.73065883,(37.730658826685/ -122.403402998592),1.51E+13
150813159,MISSING PERSON,FOUND PERSON,Wednesday,9/16/2015,12:48,SOUTHERN,JUVENILE BOOKED,1000 Block of MARKET ST,-122.4110714,37.78175113,(37.7817511307229/ -122.411071423064),1.51E+13
150813159,ROBBERY,ROBBERY/ BODILY FORCE,Wednesday,9/16/2015,12:48,SOUTHERN,JUVENILE BOOKED,1000 Block of MARKET ST,-122.4110714,37.78175113,(37.7817511307229/ -122.411071423064),1.51E+13
150813159,OTHER OFFENSES,RESISTING ARREST,Wednesday,9/16/2015,12:48,SOUTHERN,JUVENILE BOOKED,1000 Block of MARKET ST,-122.4110714,37.78175113,(37.7817511307229/ -122.411071423064),1.51E+13
150813080,SUSPICIOUS OCC,INVESTIGATIVE DETENTION,Wednesday,9/16/2015,12:37,TARAVAL,NONE,1500 Block of SLOAT BL,-122.489714,37.73394977,(37.7339497680852/ -122.489713969124),1.51E+13
150813717,ROBBERY,ROBBERY OF A CHAIN STORE WITH BODILY FORCE,Wednesday,9/16/2015,12:37,CENTRAL,NONE,0 Block of DRUMM ST,-122.3965564,37.79411691,(37.7941169057941/ -122.396556426173),1.51E+13
156228629,LARCENY/THEFT,GRAND THEFT FROM LOCKED AUTO,Wednesday,9/16/2015,12:30,NORTHERN,NONE,STEINER ST / GROVE ST,-122.4330299,37.7765502,(37.7765501954051/ -122.433029915448),1.56E+13
156231218,LARCENY/THEFT,GRAND THEFT FROM LOCKED AUTO,Wednesday,9/16/2015,12:30,RICHMOND,NONE,700 Block of 39TH AV,-122.4994546,37.7746633,(37.7746633006889/ -122.499454618366),1.56E+13
150813024,OTHER OFFENSES,DRIVERS LICENSE/ SUSPENDED OR REVOKED,Wednesday,9/16/2015,12:20,MISSION,ARREST/ BOOKED,600 Block of HAMPSHIRE ST,-122.4081932,37.761222,(37.7612219961352/ -122.408193156242),1.51E+13
150813024,OTHER OFFENSES,TRAFFIC VIOLATION ARREST,Wednesday,9/16/2015,12:20,MISSION,ARREST/ BOOKED,600 Block of HAMPSHIRE ST,-122.4081932,37.761222,(37.7612219961352/ -122.408193156242),1.51E+13
150814038,LARCENY/THEFT,GRAND THEFT FROM LOCKED AUTO,Wednesday,9/16/2015,12:00,CENTRAL,NONE,0 Block of BAY ST,-122.4064296,37.80656886,(37.8065688614525/ -122.406429633461),1.51E+13
156229702,LARCENY/THEFT,GRAND THEFT FROM LOCKED AUTO,Wednesday,9/16/2015,12:00,SOUTHERN,NONE,800 Block of BRYANT ST,-122.4034048,37.77542071,(37.775420706711/ -122.403404791479),1.56E+13
150819862,LARCENY/THEFT,PETTY THEFT SHOPLIFTING,Wednesday,9/16/2015,12:00,CENTRAL,NONE,100 Block of GRANT AV,-122.4050208,37.7880208,(37.7880208011824/ -122.40502080789),1.51E+13
150835761,FORGERY/COUNTERFEITING,CHECKS/ MAKE OR PASS FICTITIOUS,Wednesday,9/16/2015,12:00,TARAVAL,NONE,1900 Block of IRVING ST,-122.4787352,37.76343579,(37.7634357910996/ -122.478735159794),1.51E+13
150813030,SUSPICIOUS OCC,INVESTIGATIVE DETENTION,Wednesday,9/16/2015,11:45,CENTRAL,NONE,100 Block of MONTGOMERY ST,-122.4023552,37.79050394,(37.790503938715/ -122.402355166615),1.51E+13
150813096,LARCENY/THEFT,GRAND THEFT FROM LOCKED AUTO,Wednesday,9/16/2015,11:30,TARAVAL,NONE,EUCALYPTUS DR / 26TH AV,-122.4817857,37.73116841,(37.7311684073402/ -122.481785736272),1.51E+13
156229655,LARCENY/THEFT,GRAND THEFT FROM LOCKED AUTO,Wednesday,9/16/2015,11:30,SOUTHERN,NONE,800 Block of BRYANT ST,-122.4034048,37.77542071,(37.775420706711/ -122.403404791479),1.56E+13
150812872,BURGLARY,BURGLARY/STORE UNDER CONSTRUCTION/ UNLAWFUL ENTRY,Wednesday,9/16/2015,11:20,SOUTHERN,NONE,200 Block of INTERSTATE80 HY,-122.3655654,37.8096707,(37.8096707013239/ -122.365565425353),1.51E+13
150813494,LARCENY/THEFT,PETTY THEFT FROM LOCKED AUTO,Wednesday,9/16/2015,11:15,RICHMOND,NONE,500 Block of JOHNFKENNEDY DR,-122.4662047,37.77254054,(37.7725405391593/ -122.466204667893),1.51E+13
150812957,OTHER OFFENSES,VIOLATION OF PARK CODE,Wednesday,9/16/2015,11:14,PARK,ARREST/ BOOKED,200 Block of JOHNFKENNEDY DR,-122.460621,37.77159836,(37.771598359867/ -122.460621022754),1.51E+13
150812957,WARRANTS,ENROUTE TO OUTSIDE JURISDICTION,Wednesday,9/16/2015,11:14,PARK,ARREST/ BOOKED,200 Block of JOHNFKENNEDY DR,-122.460621,37.77159836,(37.771598359867/ -122.460621022754),1.51E+13
150812957,WARRANTS,WARRANT ARREST,Wednesday,9/16/2015,11:14,PARK,ARREST/ BOOKED,200 Block of JOHNFKENNEDY DR,-122.460621,37.77159836,(37.771598359867/ -122.460621022754),1.51E+13
150812753,OTHER OFFENSES,DRIVERS LICENSE/ SUSPENDED OR REVOKED,Wednesday,9/16/2015,11:01,TARAVAL,ARREST/ BOOKED,SUNSET BL / TARAVAL ST,-122.4944403,37.74222297,(37.7422229731464/ -122.49444031319),1.51E+13
150812866,LARCENY/THEFT,PETTY THEFT SHOPLIFTING,Wednesday,9/16/2015,11:01,TARAVAL,ARREST/ BOOKED,1100 Block of OCEAN AV,-122.4556159,37.72385901,(37.7238590120011/ -122.455615861538),1.51E+13
150812866,WARRANTS,ENROUTE TO OUTSIDE JURISDICTION,Wednesday,9/16/2015,11:01,TARAVAL,ARREST/ BOOKED,1100 Block of OCEAN AV,-122.4556159,37.72385901,(37.7238590120011/ -122.455615861538),1.51E+13
150812866,WARRANTS,WARRANT ARREST,Wednesday,9/16/2015,11:01,TARAVAL,ARREST/ BOOKED,1100 Block of OCEAN AV,-122.4556159,37.72385901,(37.7238590120011/ -122.455615861538),1.51E+13
156230345,NON-CRIMINAL,LOST PROPERTY,Wednesday,9/16/2015,11:00,NORTHERN,NONE,POLK ST / POST ST,-122.4199301,37.78682621,(37.7868262082156/ -122.419930111611),1.56E+13
150813018,LARCENY/THEFT,GRAND THEFT FROM LOCKED AUTO,Wednesday,9/16/2015,11:00,CENTRAL,NONE,100 Block of BAY ST,-122.4098882,37.80602553,(37.8060255339956/ -122.409888227377),1.51E+13
156231042,NON-CRIMINAL,LOST PROPERTY,Wednesday,9/16/2015,10:50,CENTRAL,NONE,BUSH ST / STOCKTON ST,-122.4071522,37.79036558,(37.7903655795398/ -122.407152172242),1.56E+13
150812703,TRESPASS,TRESPASSING,Wednesday,9/16/2015,10:42,TENDERLOIN,ARREST/ BOOKED,0 Block of GROVE ST,-122.4156425,37.77883232,(37.7788323158792/ -122.415642487855),1.51E+13
150812703,OTHER OFFENSES,RESISTING ARREST,Wednesday,9/16/2015,10:42,TENDERLOIN,ARREST/ BOOKED,0 Block of GROVE ST,-122.4156425,37.77883232,(37.7788323158792/ -122.415642487855),1.51E+13
150813290,LARCENY/THEFT,GRAND THEFT FROM LOCKED AUTO,Wednesday,9/16/2015,10:30,RICHMOND,NONE,1100 Block of 9TH AV,-122.4665044,37.76620143,(37.7662014296859/ -122.466504397113),1.51E+13
150812850,STOLEN PROPERTY,STOLEN PROPERTY/ POSSESSION WITH KNOWLEDGE/ RECEIVING,Wednesday,9/16/2015,10:25,SOUTHERN,ARREST/ BOOKED,500 Block of STEVENSON ST,-122.4108918,37.78090977,(37.7809097652868/ -122.410891754793),1.51E+13
150812850,OTHER OFFENSES,PROBATION VIOLATION,Wednesday,9/16/2015,10:25,SOUTHERN,ARREST/ BOOKED,500 Block of STEVENSON ST,-122.4108918,37.78090977,(37.7809097652868/ -122.410891754793),1.51E+13
150812656,LARCENY/THEFT,PETTY THEFT SHOPLIFTING,Wednesday,9/16/2015,10:21,NORTHERN,NONE,1000 Block of VANNESS AV,-122.4210923,37.78499964,(37.7849996426672/ -122.421092281879),1.51E+13
150812684,ASSAULT,THREATS AGAINST LIFE,Wednesday,9/16/2015,10:20,MISSION,NONE,26TH ST / SOUTH VAN NESS AV,-122.4159543,37.74917296,(37.7491729638325/ -122.415954301518),1.51E+13
150814652,VEHICLE THEFT,STOLEN AUTOMOBILE,Wednesday,9/16/2015,10:15,BAYVIEW,NONE,ARKANSAS ST / 17TH ST,-122.3987054,37.76501339,(37.765013394552/ -122.398705442404),1.51E+13
150812628,OTHER OFFENSES,DRIVERS LICENSE/ SUSPENDED OR REVOKED,Wednesday,9/16/2015,10:13,MISSION,ARREST/ BOOKED,900 Block of POTRERO AV,-122.4068704,37.75728959,(37.7572895904578/ -122.406870402082),1.51E+13
150812640,STOLEN PROPERTY,STOLEN PROPERTY/ POSSESSION WITH KNOWLEDGE/ RECEIVING,Wednesday,9/16/2015,10:00,TARAVAL,NONE,0 Block of WESTPORTAL AV,-122.4664486,37.74033299,(37.7403329886376/ -122.466448582438),1.51E+13
156228613,LARCENY/THEFT,PETTY THEFT OF PROPERTY,Wednesday,9/16/2015,10:00,NORTHERN,NONE,GEARY BL / FILLMORE ST,-122.4329146,37.78435334,(37.7843533426568/ -122.432914603494),1.56E+13
150812640,FORGERY/COUNTERFEITING,CHECKS OR LEGAL INSTRUMENTS/ UTTERING FORGED,Wednesday,9/16/2015,10:00,TARAVAL,NONE,0 Block of WESTPORTAL AV,-122.4664486,37.74033299,(37.7403329886376/ -122.466448582438),1.51E+13
150812822,LARCENY/THEFT,PETTY THEFT FROM LOCKED AUTO,Wednesday,9/16/2015,10:00,RICHMOND,NONE,500 Block of JOHNFKENNEDY DR,-122.4662047,37.77254054,(37.7725405391593/ -122.466204667893),1.51E+13
150812640,BURGLARY,BURGLARY/ UNLAWFUL ENTRY,Wednesday,9/16/2015,10:00,TARAVAL,NONE,0 Block of WESTPORTAL AV,-122.4664486,37.74033299,(37.7403329886376/ -122.466448582438),1.51E+13
159005155,OTHER OFFENSES,TRAFFIC VIOLATION ARREST,Wednesday,9/16/2015,9:55,TARAVAL,NONE,20TH AV / WINSTON DR,-122.4760394,37.72694944,(37.7269494355268/ -122.476039359733),1.59E+13
159005155,OTHER OFFENSES,DRIVERS LICENSE/ SUSPENDED OR REVOKED,Wednesday,9/16/2015,9:55,TARAVAL,NONE,20TH AV / WINSTON DR,-122.4760394,37.72694944,(37.7269494355268/ -122.476039359733),1.59E+13
150812537,OTHER OFFENSES,DRIVERS LICENSE/ SUSPENDED OR REVOKED,Wednesday,9/16/2015,9:55,SOUTHERN,ARREST/ BOOKED,300 Block of 10TH ST,-122.4123117,37.77248116,(37.7724811636038/ -122.412311666664),1.51E+13
150812612,TRESPASS,LODGING WITHOUT PERMISSION,Wednesday,9/16/2015,9:52,SOUTHERN,NONE,800 Block of BRYANT ST,-122.4034048,37.77542071,(37.775420706711/ -122.403404791479),1.51E+13
150812612,DISORDERLY CONDUCT,MAINTAINING A PUBLIC NUISANCE,Wednesday,9/16/2015,9:52,SOUTHERN,NONE,800 Block of BRYANT ST,-122.4034048,37.77542071,(37.775420706711/ -122.403404791479),1.51E+13
150812587,ROBBERY,ATTEMPTED ROBBERY ON THE STREET WITH BODILY FORCE,Wednesday,9/16/2015,9:45,NORTHERN,NONE,WEBSTER ST / GEARY BL,-122.4312069,37.78456812,(37.7845681170336/ -122.431206932079),1.51E+13
150812587,ASSAULT,AGGRAVATED ASSAULT WITH A DEADLY WEAPON,Wednesday,9/16/2015,9:45,NORTHERN,NONE,WEBSTER ST / GEARY BL,-122.4312069,37.78456812,(37.7845681170336/ -122.431206932079),1.51E+13
150819721,LARCENY/THEFT,GRAND THEFT FROM UNLOCKED AUTO,Wednesday,9/16/2015,9:43,SOUTHERN,NONE,200 Block of INTERSTATE80 HY,-122.3655654,37.8096707,(37.8096707013239/ -122.365565425353),1.51E+13
150814016,ASSAULT,BATTERY,Wednesday,9/16/2015,9:30,SOUTHERN,NONE,700 Block of MISSION ST,-122.4039713,37.78482831,(37.784828309361/ -122.403971269057),1.51E+13
150812424,OTHER OFFENSES,DRIVERS LICENSE/ SUSPENDED OR REVOKED,Wednesday,9/16/2015,9:25,SOUTHERN,ARREST/ CITED,TOWNSEND ST / 5TH ST,-122.3972078,37.77533291,(37.7753329097568/ -122.397207764774),1.51E+13
150812496,ASSAULT,BATTERY,Wednesday,9/16/2015,9:25,CENTRAL,NONE,1800 Block of GRANT AV,-122.4082639,37.80367069,(37.8036706940385/ -122.40826390843),1.51E+13
150812496,VANDALISM,MALICIOUS MISCHIEF/ VANDALISM OF VEHICLES,Wednesday,9/16/2015,9:25,CENTRAL,NONE,1800 Block of GRANT AV,-122.4082639,37.80367069,(37.8036706940385/ -122.40826390843),1.51E+13
150812474,OTHER OFFENSES,DRIVERS LICENSE/ SUSPENDED OR REVOKED,Wednesday,9/16/2015,9:23,MISSION,ARREST/ BOOKED,1700 Block of MISSION ST,-122.4198769,37.76957975,(37.7695797471896/ -122.419876917134),1.51E+13
150812521,TRESPASS,TRESPASSING,Wednesday,9/16/2015,9:17,SOUTHERN,ARREST/ BOOKED,0 Block of ESSEX ST,-122.3950625,37.78599306,(37.7859930647181/ -122.395062469002),1.51E+13
150813723,BURGLARY,BURGLARY OF RESIDENCE/ FORCIBLE ENTRY,Wednesday,9/16/2015,9:15,TARAVAL,NONE,0 Block of LENOX WY,-122.4648818,37.74300928,(37.7430092774714/ -122.464881819411),1.51E+13
150812399,SUSPICIOUS OCC,INVESTIGATIVE DETENTION,Wednesday,9/16/2015,9:05,TENDERLOIN,NONE,100 Block of JONES ST,-122.4122498,37.78255633,(37.782556330202/ -122.412249767634),1.51E+13
150812399,OTHER OFFENSES,VIOLATION OF STAY AWAY ORDER,Wednesday,9/16/2015,9:05,TENDERLOIN,NONE,100 Block of JONES ST,-122.4122498,37.78255633,(37.782556330202/ -122.412249767634),1.51E+13
150812731,LARCENY/THEFT,GRAND THEFT FROM LOCKED AUTO,Wednesday,9/16/2015,9:01,CENTRAL,NONE,900 Block of POST ST,-122.4176413,37.78717353,(37.7871735250079/ -122.417641342653),1.51E+13
156230890,LARCENY/THEFT,GRAND THEFT FROM LOCKED AUTO,Wednesday,9/16/2015,9:00,SOUTHERN,NONE,FOLSOM ST / 8TH ST,-122.4100658,37.77499068,(37.7749906792593/ -122.410065781604),1.56E+13
156229677,LARCENY/THEFT,PETTY THEFT OF PROPERTY,Wednesday,9/16/2015,9:00,PARK,NONE,2300 Block of GEARY BL,-122.4420274,37.78311156,(37.783111556712/ -122.442027369265),1.56E+13
156230414,NON-CRIMINAL,LOST PROPERTY,Wednesday,9/16/2015,9:00,SOUTHERN,NONE,800 Block of BRYANT ST,-122.4034048,37.77542071,(37.775420706711/ -122.403404791479),1.56E+13
150816363,LARCENY/THEFT,PETTY THEFT FROM UNLOCKED AUTO,Wednesday,9/16/2015,9:00,INGLESIDE,NONE,800 Block of DETROIT ST,-122.4442594,37.73419238,(37.7341923795009/ -122.444259377346),1.51E+13
150812311,OTHER OFFENSES,TRAFFIC VIOLATION,Wednesday,9/16/2015,8:38,INGLESIDE,ARREST/ BOOKED,POWHATTAN AV / BRADFORD ST,-122.4095011,37.74131712,(37.7413171190057/ -122.409501140266),1.51E+13
156228447,VANDALISM,MALICIOUS MISCHIEF/ VANDALISM,Wednesday,9/16/2015,8:35,SOUTHERN,NONE,300 Block of 9TH ST,-122.410832,37.77321713,(37.7732171278196/ -122.410832033935),1.56E+13
150812333,NON-CRIMINAL,CIVIL SIDEWALKS/ CITATION,Wednesday,9/16/2015,8:33,PARK,ARREST/ BOOKED,1200 Block of MASONIC AV,-122.445182,37.76973596,(37.7697359624151/ -122.445181952651),1.51E+13
150812383,LARCENY/THEFT,GRAND THEFT FROM PERSON,Wednesday,9/16/2015,8:30,NORTHERN,NONE,800 Block of VANNESS AV,-122.4210935,37.78358102,(37.7835810166163/ -122.421093505078),1.51E+13
150826196,SUSPICIOUS OCC,SUSPICIOUS OCCURRENCE,Wednesday,9/16/2015,8:30,TARAVAL,NONE,200 Block of WINSTON DR,-122.4779767,37.72693464,(37.7269346350353/ -122.477976682169),1.51E+13
150813325,SUSPICIOUS OCC,SUSPICIOUS OCCURRENCE,Wednesday,9/16/2015,8:27,TARAVAL,NONE,100 Block of VICTORIA ST,-122.4652245,37.71361595,(37.7136159454443/ -122.465224536475),1.51E+13
150813193,TRESPASS,TRESPASSING,Wednesday,9/16/2015,8:07,CENTRAL,ARREST/ BOOKED,0 Block of KEARNY ST,-122.4035355,37.78782448,(37.7878244847404/ -122.403535460378),1.51E+13
150818682,FORGERY/COUNTERFEITING,CHECKS OR LEGAL INSTRUMENTS/ UTTERING FORGED,Wednesday,9/16/2015,8:00,BAYVIEW,NONE,1600 Block of PALOU AV,-122.3919294,37.7344911,(37.7344910991058/ -122.39192940892),1.51E+13
150812286,OTHER OFFENSES,TRAFFIC VIOLATION,Wednesday,9/16/2015,8:00,BAYVIEW,ARREST/ BOOKED,MCKINNON AV / NEWHALL ST,-122.3910903,37.73690857,(37.7369085657287/ -122.391090325597),1.51E+13
150812286,DRUG/NARCOTIC,POSSESSION OF NARCOTICS PARAPHERNALIA,Wednesday,9/16/2015,8:00,BAYVIEW,ARREST/ BOOKED,MCKINNON AV / NEWHALL ST,-122.3910903,37.73690857,(37.7369085657287/ -122.391090325597),1.51E+13
150812286,OTHER OFFENSES,TRAFFIC VIOLATION ARREST,Wednesday,9/16/2015,8:00,BAYVIEW,ARREST/ BOOKED,MCKINNON AV / NEWHALL ST,-122.3910903,37.73690857,(37.7369085657287/ -122.391090325597),1.51E+13
150812565,NON-CRIMINAL,AIDED CASE,Wednesday,9/16/2015,8:00,PARK,UNFOUNDED,1600 Block of TURK ST,-122.436275,37.78002473,(37.7800247331065/ -122.436274979481),1.51E+13
150814414,NON-CRIMINAL,DEATH REPORT/ CAUSE UNKNOWN,Wednesday,9/16/2015,8:00,CENTRAL,NONE,700 Block of NORTHPOINT ST,-122.4195705,37.80587809,(37.8058780896194/ -122.419570516564),1.51E+13
150816799,LARCENY/THEFT,PETTY THEFT FROM A BUILDING,Wednesday,9/16/2015,8:00,PARK,NONE,1300 Block of PIERCE ST,-122.4359764,37.78239781,(37.7823978123969/ -122.435976420716),1.51E+13
150820449,NON-CRIMINAL,LOST PROPERTY,Wednesday,9/16/2015,8:00,INGLESIDE,NONE,200 Block of DESMOND ST,-122.4064789,37.70877622,(37.7087762178548/ -122.406478914823),1.51E+13
150812418,OTHER OFFENSES,VIOLATION OF STAY AWAY ORDER,Wednesday,9/16/2015,7:45,BAYVIEW,ARREST/ BOOKED,REVERE AV / SELBY ST,-122.4013733,37.73802471,(37.7380247131318/ -122.401373325947),1.51E+13
150812418,ASSAULT,INFLICT INJURY ON COHABITEE,Wednesday,9/16/2015,7:45,BAYVIEW,ARREST/ BOOKED,REVERE AV / SELBY ST,-122.4013733,37.73802471,(37.7380247131318/ -122.401373325947),1.51E+13
150812418,WARRANTS,WARRANT ARREST,Wednesday,9/16/2015,7:45,BAYVIEW,ARREST/ BOOKED,REVERE AV / SELBY ST,-122.4013733,37.73802471,(37.7380247131318/ -122.401373325947),1.51E+13
150812220,NON-CRIMINAL,CIVIL SIDEWALKS/ WARNING,Wednesday,9/16/2015,7:33,SOUTHERN,NONE,500 Block of MARKET ST,-122.4018331,37.78903977,(37.7890397716649/ -122.401833062479),1.51E+13
150819486,ASSAULT,BATTERY,Wednesday,9/16/2015,7:20,SOUTHERN,NONE,400 Block of MARKET ST,-122.3986233,37.79128635,(37.7912863462309/ -122.398623347456),1.51E+13
150819486,ASSAULT,FALSE IMPRISONMENT,Wednesday,9/16/2015,7:20,SOUTHERN,NONE,400 Block of MARKET ST,-122.3986233,37.79128635,(37.7912863462309/ -122.398623347456),1.51E+13
150814624,VEHICLE THEFT,STOLEN MOTORCYCLE,Wednesday,9/16/2015,7:12,SOUTHERN,NONE,TOWNSEND ST / 4TH ST,-122.3949859,37.77709095,(37.7770909534023/ -122.394985875925),1.51E+13
150812214,SUSPICIOUS OCC,INVESTIGATIVE DETENTION,Wednesday,9/16/2015,7:10,SOUTHERN,NONE,MARKET ST / 4TH ST,-122.4058325,37.78574465,(37.7857446545609/ -122.405832474482),1.51E+13
150818046,LARCENY/THEFT,GRAND THEFT FROM A BUILDING,Wednesday,9/16/2015,7:00,RICHMOND,NONE,2100 Block of BRODERICK ST,-122.4424988,37.79011835,(37.7901183495566/ -122.44249875978),1.51E+13
150821005,LARCENY/THEFT,GRAND THEFT FROM A BUILDING,Wednesday,9/16/2015,7:00,TARAVAL,NONE,1800 Block of 22ND AV,-122.4795521,37.75315177,(37.753151769181/ -122.479552078957),1.51E+13
150812844,ASSAULT,BATTERY WITH SERIOUS INJURIES,Wednesday,9/16/2015,6:50,NORTHERN,NONE,POST ST / AVERY ST,-122.4339087,37.78504575,(37.7850457465857/ -122.433908671974),1.51E+13
150812208,VANDALISM,MALICIOUS MISCHIEF/ VANDALISM,Wednesday,9/16/2015,6:40,MISSION,ARREST/ BOOKED,300 Block of POTRERO AV,-122.4075449,37.7651193,(37.7651192951994/ -122.407544906452),1.51E+13
150812208,ASSAULT,AGGRAVATED ASSAULT WITH A DEADLY WEAPON,Wednesday,9/16/2015,6:40,MISSION,ARREST/ BOOKED,300 Block of POTRERO AV,-122.4075449,37.7651193,(37.7651192951994/ -122.407544906452),1.51E+13
150816090,OTHER OFFENSES,LOST/STOLEN LICENSE PLATE,Wednesday,9/16/2015,6:30,BAYVIEW,NONE,GALVEZ AV / SELBY ST,-122.3951753,37.74491063,(37.7449106281886/ -122.395175272523),1.51E+13
150814903,BURGLARY,BURGLARY/ UNLAWFUL ENTRY,Wednesday,9/16/2015,6:30,SOUTHERN,NONE,500 Block of MINNA ST,-122.4087707,37.7801357,(37.7801357011746/ -122.40877066526),1.51E+13
150814903,LARCENY/THEFT,PETTY THEFT FROM UNLOCKED AUTO,Wednesday,9/16/2015,6:30,SOUTHERN,NONE,500 Block of MINNA ST,-122.4087707,37.7801357,(37.7801357011746/ -122.40877066526),1.51E+13
150812151,TRESPASS,LODGING WITHOUT PERMISSION,Wednesday,9/16/2015,6:05,SOUTHERN,NONE,MAIN ST / MISSION ST,-122.3949435,37.79184247,(37.7918424690001/ -122.394943493875),1.51E+13
150812151,DISORDERLY CONDUCT,COMMITTING PUBLIC NUISANCE,Wednesday,9/16/2015,6:05,SOUTHERN,NONE,MAIN ST / MISSION ST,-122.3949435,37.79184247,(37.7918424690001/ -122.394943493875),1.51E+13
150813347,SEX OFFENSES/ FORCIBLE,SEXUAL BATTERY,Wednesday,9/16/2015,5:45,NORTHERN,NONE,1700 Block of POST ST,-122.4306001,37.78552072,(37.7855207172313/ -122.430600096373),1.51E+13
150812139,NON-CRIMINAL,AIDED CASE/ MENTAL DISTURBED,Wednesday,9/16/2015,5:08,SOUTHERN,NONE,6TH ST / MISSION ST,-122.4087106,37.78097067,(37.7809706722053/ -122.408710606663),1.51E+13
150812468,SUSPICIOUS OCC,INVESTIGATIVE DETENTION,Wednesday,9/16/2015,4:47,MISSION,NONE,500 Block of CAPP ST,-122.4179558,37.75788012,(37.7578801214437/ -122.417955821717),1.51E+13
150812468,PROSTITUTION,LOITERING FOR PURPOSE OF PROSTITUTION,Wednesday,9/16/2015,4:47,MISSION,NONE,500 Block of CAPP ST,-122.4179558,37.75788012,(37.7578801214437/ -122.417955821717),1.51E+13
150812145,NON-CRIMINAL,AIDED CASE/ MENTAL DISTURBED,Wednesday,9/16/2015,4:45,BAYVIEW,NONE,1500 Block of KIRKWOOD AV,-122.3887989,37.73757558,(37.7375755833256/ -122.388798895151),1.51E+13
150812101,BURGLARY,BURGLARY/ ATTEMPTED FORCIBLE ENTRY,Wednesday,9/16/2015,4:31,SOUTHERN,NONE,100 Block of TOWNSEND ST,-122.3916864,37.77976889,(37.7797688910306/ -122.391686434361),1.51E+13
150813331,BURGLARY,BURGLARY/STORE UNDER CONSTRUCTION/ FORCIBLE ENTRY,Wednesday,9/16/2015,4:25,SOUTHERN,NONE,100 Block of TOWNSEND ST,-122.3916864,37.77976889,(37.7797688910306/ -122.391686434361),1.51E+13
150812117,VANDALISM,MALICIOUS MISCHIEF/ GRAFFITI,Wednesday,9/16/2015,4:00,SOUTHERN,NONE,800 Block of HOWARD ST,-122.4037933,37.78232359,(37.7823235897616/ -122.403793259489),1.51E+13
150812678,BURGLARY,BURGLARY/ HOT PROWL/ UNLAWFUL ENTRY,Wednesday,9/16/2015,4:00,CENTRAL,NONE,1200 Block of WASHINGTON ST,-122.4138561,37.7942674,(37.7942674004219/ -122.413856144893),1.51E+13
150812678,BURGLARY,BURGLARY/ UNLAWFUL ENTRY,Wednesday,9/16/2015,4:00,CENTRAL,NONE,1200 Block of WASHINGTON ST,-122.4138561,37.7942674,(37.7942674004219/ -122.413856144893),1.51E+13
150812123,BURGLARY,BURGLARY/STORE UNDER CONSTRUCTION/ FORCIBLE ENTRY,Wednesday,9/16/2015,3:40,RICHMOND,NONE,0 Block of PARKER AV,-122.4547637,37.78511259,(37.7851125900441/ -122.454763723752),1.51E+13
150812098,BURGLARY,BURGLARY/STORE UNDER CONSTRUCTION/ ATT. FORCIBLE,Wednesday,9/16/2015,3:30,SOUTHERN,NONE,100 Block of 2ND ST,-122.3984595,37.78701823,(37.7870182250653/ -122.398459512809),1.51E+13
150812098,LARCENY/THEFT,PETTY THEFT OF PROPERTY,Wednesday,9/16/2015,3:30,SOUTHERN,NONE,100 Block of 2ND ST,-122.3984595,37.78701823,(37.7870182250653/ -122.398459512809),1.51E+13
150812076,ASSAULT,BATTERY,Wednesday,9/16/2015,2:55,TENDERLOIN,NONE,400 Block of JONES ST,-122.4128571,37.78558044,(37.7855804361702/ -122.412857126524),1.51E+13
150812060,NON-CRIMINAL,LOST PROPERTY,Wednesday,9/16/2015,2:53,MISSION,NONE,16TH ST / MISSION ST,-122.4196718,37.76505012,(37.7650501214668/ -122.419671780296),1.51E+13
150812236,LARCENY/THEFT,PETTY THEFT FROM LOCKED AUTO,Wednesday,9/16/2015,2:30,SOUTHERN,NONE,11TH ST / MISSION ST,-122.4171049,37.77432429,(37.7743242867908/ -122.417104895556),1.51E+13
150814561,OTHER OFFENSES,OBSCENE PHONE CALLS(S),Wednesday,9/16/2015,2:21,MISSION,NONE,3100 Block of 16TH ST,-122.4236225,37.76475739,(37.7647573853335/ -122.423622537404),1.51E+13
150812032,LARCENY/THEFT,PETTY THEFT FROM UNLOCKED AUTO,Wednesday,9/16/2015,2:06,SOUTHERN,NONE,BRYANT ST / 9TH ST,-122.4085345,37.77129067,(37.7712906694516/ -122.408534526845),1.51E+13
150812189,VEHICLE THEFT,STOLEN TRUCK,Wednesday,9/16/2015,2:00,BAYVIEW,NONE,500 Block of BLANKEN AV,-122.3968844,37.71114742,(37.7111474220673/ -122.396884441527),1.51E+13
150812048,ROBBERY,ROBBERY OF A RESIDENCE WITH A KNIFE,Wednesday,9/16/2015,2:00,CENTRAL,NONE,500 Block of GREEN ST,-122.4086032,37.79959981,(37.7995998106551/ -122.40860321116),1.51E+13
156231008,LARCENY/THEFT,PETTY THEFT OF PROPERTY,Wednesday,9/16/2015,2:00,CENTRAL,NONE,300 Block of GEARY ST,-122.4090552,37.78719796,(37.7871979591062/ -122.409055191364),1.56E+13
150812355,LARCENY/THEFT,GRAND THEFT OF PROPERTY,Wednesday,9/16/2015,2:00,BAYVIEW,NONE,1600 Block of 20TH ST,-122.3977468,37.75999239,(37.759992388001/ -122.397746771529),1.51E+13
150812054,ROBBERY,ROBBERY ON THE STREET/ STRONGARM,Wednesday,9/16/2015,1:45,PARK,NONE,200 Block of DIVISADERO ST,-122.4370658,37.77078789,(37.7707878941748/ -122.437065833696),1.51E+13
150812026,ASSAULT,AGGRAVATED ASSAULT WITH BODILY FORCE,Wednesday,9/16/2015,1:45,SOUTHERN,ARREST/ BOOKED,800 Block of BRYANT ST,-122.4034048,37.77542071,(37.775420706711/ -122.403404791479),1.51E+13
150812292,BURGLARY,BURGLARY/ HOT PROWL/ UNLAWFUL ENTRY,Wednesday,9/16/2015,1:40,RICHMOND,NONE,200 Block of COLLINS ST,-122.4500206,37.78141254,(37.7814125444941/ -122.450020573857),1.51E+13
150812010,ROBBERY,ROBBERY ON THE STREET/ STRONGARM,Wednesday,9/16/2015,1:38,CENTRAL,NONE,MARKET ST / DRUMM ST,-122.3963054,37.7932572,(37.7932572003309/ -122.396305356237),1.51E+13
156234585,LARCENY/THEFT,GRAND THEFT FROM UNLOCKED AUTO,Wednesday,9/16/2015,1:35,CENTRAL,NONE,600 Block of LEAVENWORTH ST,-122.4148345,37.78700449,(37.7870044894925/ -122.414834509733),1.56E+13
150812082,BURGLARY,BURGLARY/STORE UNDER CONSTRUCTION/ FORCIBLE ENTRY,Wednesday,9/16/2015,1:30,NORTHERN,NONE,2200 Block of CHESTNUT ST,-122.4407325,37.80019137,(37.8001913687688/ -122.440732490704),1.51E+13
150811971,OTHER OFFENSES,DRIVERS LICENSE/ SUSPENDED OR REVOKED,Wednesday,9/16/2015,0:55,SOUTHERN,ARREST/ BOOKED,5TH ST / CLEMENTINA ST,-122.4039241,37.78069921,(37.7806992112914/ -122.403924079202),1.51E+13
150812004,WARRANTS,WARRANT ARREST,Wednesday,9/16/2015,0:53,CENTRAL,ARREST/ BOOKED,JONES ST / BUSH ST,-122.4137315,37.7895283,(37.7895283021427/ -122.413731461593),1.51E+13
150812004,OTHER OFFENSES,RESISTING ARREST,Wednesday,9/16/2015,0:53,CENTRAL,ARREST/ BOOKED,JONES ST / BUSH ST,-122.4137315,37.7895283,(37.7895283021427/ -122.413731461593),1.51E+13
150811965,NON-CRIMINAL,FOUND PROPERTY,Wednesday,9/16/2015,0:35,BAYVIEW,NONE,2100 Block of BAY SHORE BL,-122.3997668,37.71418095,(37.7141809476816/ -122.399766787626),1.51E+13
150811943,OTHER OFFENSES,EVADING A POLICE OFFICER RECKLESSLY,Wednesday,9/16/2015,0:27,SOUTHERN,NONE,HARRISON ST / 10TH ST,-122.4112792,37.77157858,(37.7715785765043/ -122.411279189969),1.51E+13
150811915,LIQUOR LAWS,CONSUMING ALCOHOL IN PUBLIC VIEW,Wednesday,9/16/2015,0:15,INGLESIDE,ARREST/ BOOKED,MISSION ST / TRUMBULL ST,-122.4293067,37.73074292,(37.7307429169559/ -122.429306728376),1.51E+13
150811909,ROBBERY,ATTEMPTED ROBBERY WITH BODILY FORCE,Wednesday,9/16/2015,0:12,SOUTHERN,NONE,MARKET ST / FELL ST,-122.4175047,37.77654004,(37.7765400380328/ -122.417504703145),1.51E+13
150794060,NON-CRIMINAL,AIDED CASE,Wednesday,9/16/2015,0:01,TENDERLOIN,NONE,300 Block of EDDY ST,-122.4129305,37.78383444,(37.7838344374141/ -122.412930522059),1.51E+13
150812305,SUSPICIOUS OCC,SUSPICIOUS OCCURRENCE,Wednesday,9/16/2015,0:01,TARAVAL,NONE,1400 Block of 47TH AV,-122.5068632,37.75943004,(37.7594300421128/ -122.506863242713),1.51E+13
150814072,SUSPICIOUS OCC,SUSPICIOUS OCCURRENCE,Wednesday,9/16/2015,0:01,BAYVIEW,NONE,1200 Block of 3RD ST,-122.3895176,37.77246824,(37.7724682400061/ -122.389517648036),1.51E+13
150813767,SUSPICIOUS OCC,SUSPICIOUS OCCURRENCE,Wednesday,9/16/2015,0:01,SOUTHERN,NONE,400 Block of TEHAMA ST,-122.4055862,37.78021762,(37.7802176191503/ -122.405586175575),1.51E+13
150829968,ASSAULT,THREATS AGAINST LIFE,Wednesday,9/16/2015,0:01,RICHMOND,NONE,3800 Block of GEARY BL,-122.4605515,37.78131404,(37.7813140417196/ -122.46055149012),1.51E+13
156233907,LARCENY/THEFT,PETTY THEFT OF PROPERTY,Wednesday,9/16/2015,0:01,SOUTHERN,NONE,700 Block of TEHAMA ST,-122.411912,37.77520656,(37.7752065614967/ -122.411912027329),1.56E+13
150810638,OTHER OFFENSES,TRAFFIC VIOLATION ARREST,Tuesday,9/15/2015,23:57,CENTRAL,ARREST/ BOOKED,GEARY ST / JONES ST,-122.4131745,37.78671902,(37.786719015554/ -122.413174494396),1.51E+13
150811852,ROBBERY,ROBBERY ON THE STREET WITH A GUN,Tuesday,9/15/2015,23:47,MISSION,ARREST/ BOOKED,23RD ST / CAPP ST,-122.4175086,37.75390261,(37.7539026121867/ -122.417508586687),1.51E+13
150811852,OTHER OFFENSES,POSSESSION OF BURGLARY TOOLS,Tuesday,9/15/2015,23:47,MISSION,ARREST/ BOOKED,23RD ST / CAPP ST,-122.4175086,37.75390261,(37.7539026121867/ -122.417508586687),1.51E+13
150811818,VANDALISM,MALICIOUS MISCHIEF/ VANDALISM,Tuesday,9/15/2015,23:27,MISSION,NONE,2100 Block of BRYANT ST,-122.4100102,37.75981459,(37.7598145866152/ -122.410010186622),1.51E+13
150811874,SECONDARY CODES,DOMESTIC VIOLENCE,Tuesday,9/15/2015,23:00,INGLESIDE,NONE,OCEAN AV / MISSION ST,-122.4353855,37.72391045,(37.7239104470753/ -122.435385454946),1.51E+13
150811874,VANDALISM,MALICIOUS MISCHIEF/ VANDALISM OF VEHICLES,Tuesday,9/15/2015,23:00,INGLESIDE,NONE,OCEAN AV / MISSION ST,-122.4353855,37.72391045,(37.7239104470753/ -122.435385454946),1.51E+13
156229081,LARCENY/THEFT,GRAND THEFT FROM LOCKED AUTO,Tuesday,9/15/2015,23:00,INGLESIDE,NONE,SAN JOSE AV / COTTER ST,-122.4374874,37.73025156,(37.730251564414/ -122.437487410892),1.56E+13
150822348,OTHER OFFENSES,LOST/STOLEN LICENSE PLATE,Tuesday,9/15/2015,23:00,BAYVIEW,NONE,INGERSON AV / JENNINGS ST,-122.3948524,37.72017705,(37.7201770494703/ -122.394852404141),1.51E+13
156233888,VANDALISM,MALICIOUS MISCHIEF/ VANDALISM,Tuesday,9/15/2015,23:00,SOUTHERN,NONE,FOLSOM ST / HAWTHORNE ST,-122.3978166,37.78466807,(37.7846680653938/ -122.397816589532),1.56E+13
156229150,LARCENY/THEFT,GRAND THEFT FROM LOCKED AUTO,Tuesday,9/15/2015,22:45,INGLESIDE,NONE,600 Block of ITALY AV,-122.4342881,37.71604111,(37.7160411068715/ -122.434288147051),1.56E+13
150811749,ROBBERY,ROBBERY ON THE STREET/ STRONGARM,Tuesday,9/15/2015,22:31,TENDERLOIN,ARREST/ BOOKED,MCALLISTER ST / HYDE ST,-122.415318,37.78071793,(37.7807179285998/ -122.415317966992),1.51E+13
150811749,DRUG/NARCOTIC,POSSESSION OF NARCOTICS PARAPHERNALIA,Tuesday,9/15/2015,22:31,TENDERLOIN,ARREST/ BOOKED,MCALLISTER ST / HYDE ST,-122.415318,37.78071793,(37.7807179285998/ -122.415317966992),1.51E+13
150812816,LARCENY/THEFT,PETTY THEFT FROM LOCKED AUTO,Tuesday,9/15/2015,22:30,MISSION,NONE,SHOTWELL ST / 17TH ST,-122.4162304,37.76363377,(37.7636337702985/ -122.416230392543),1.51E+13
150817496,SEX OFFENSES/ FORCIBLE,SEXUAL BATTERY,Tuesday,9/15/2015,22:30,NORTHERN,NONE,FULTON ST / LAGUNA ST,-122.4266425,37.77832763,(37.7783276318163/ -122.426642472038),1.51E+13
150811777,VEHICLE THEFT,STOLEN AUTOMOBILE,Tuesday,9/15/2015,22:30,NORTHERN,NONE,GROVE ST / STEINER ST,-122.4330299,37.7765502,(37.7765501954051/ -122.433029915448),1.51E+13
150811761,WARRANTS,WARRANT ARREST,Tuesday,9/15/2015,22:25,MISSION,ARREST/ BOOKED,16TH ST / SOUTH VAN NESS AV,-122.4174883,37.7651818,(37.7651818039906/ -122.417488323639),1.51E+13
150815951,LARCENY/THEFT,PETTY THEFT OF PROPERTY,Tuesday,9/15/2015,22:15,TARAVAL,NONE,1800 Block of 32ND AV,-122.4902652,37.75267772,(37.7526777241322/ -122.490265174884),1.51E+13
150811802,OTHER OFFENSES,RESISTING ARREST,Tuesday,9/15/2015,22:07,MISSION,ARREST/ BOOKED,16TH ST / MARKET ST,-122.4330752,37.76419378,(37.7641937790242/ -122.433075152403),1.51E+13
150811802,WARRANTS,WARRANT ARREST,Tuesday,9/15/2015,22:07,MISSION,ARREST/ BOOKED,16TH ST / MARKET ST,-122.4330752,37.76419378,(37.7641937790242/ -122.433075152403),1.51E+13
150811802,ASSAULT,BATTERY OF A POLICE OFFICER,Tuesday,9/15/2015,22:07,MISSION,ARREST/ BOOKED,16TH ST / MARKET ST,-122.4330752,37.76419378,(37.7641937790242/ -122.433075152403),1.51E+13
150812242,VEHICLE THEFT,STOLEN AUTOMOBILE,Tuesday,9/15/2015,22:00,BAYVIEW,NONE,SAN BRUNO AV / GAVEN ST,-122.4065154,37.73401744,(37.7340174391715/ -122.406515437039),1.51E+13
150812167,LARCENY/THEFT,PETTY THEFT FROM LOCKED AUTO,Tuesday,9/15/2015,22:00,NORTHERN,NONE,LARKIN ST / EDDY ST,-122.4175307,37.78331075,(37.7833107539969/ -122.41753069698),1.51E+13
150811670,OTHER OFFENSES,TRAFFIC VIOLATION ARREST,Tuesday,9/15/2015,21:59,MISSION,ARREST/ BOOKED,3400 Block of CESAR CHAVEZ ST,-122.4197295,37.74822137,(37.7482213704153/ -122.419729483816),1.51E+13
150811727,OTHER OFFENSES,RECKLESS DRIVING,Tuesday,9/15/2015,21:55,INGLESIDE,ARREST/ BOOKED,HAMPSHIRE ST / CESAR CHAVEZ ST,-122.406759,37.74876723,(37.7487672272746/ -122.406758995794),1.51E+13
150811727,OTHER OFFENSES,RESISTING ARREST,Tuesday,9/15/2015,21:55,INGLESIDE,ARREST/ BOOKED,HAMPSHIRE ST / CESAR CHAVEZ ST,-122.406759,37.74876723,(37.7487672272746/ -122.406758995794),1.51E+13
150811727,DRIVING UNDER THE INFLUENCE,DRIVING WHILE UNDER THE INFLUENCE OF ALCOHOL,Tuesday,9/15/2015,21:55,INGLESIDE,ARREST/ BOOKED,HAMPSHIRE ST / CESAR CHAVEZ ST,-122.406759,37.74876723,(37.7487672272746/ -122.406758995794),1.51E+13
156229401,LARCENY/THEFT,PETTY THEFT OF PROPERTY,Tuesday,9/15/2015,21:50,INGLESIDE,NONE,200 Block of MAYNARD ST,-122.4249068,37.72939838,(37.729398384778/ -122.424906786446),1.56E+13
150811711,VANDALISM,MALICIOUS MISCHIEF/ GRAFFITI,Tuesday,9/15/2015,21:50,TARAVAL,NONE,3800 Block of NORIEGA ST,-122.504876,37.75293252,(37.7529325245007/ -122.504876017462),1.51E+13
150811711,ASSAULT,THREATS AGAINST LIFE,Tuesday,9/15/2015,21:50,TARAVAL,NONE,3800 Block of NORIEGA ST,-122.504876,37.75293252,(37.7529325245007/ -122.504876017462),1.51E+13
150814088,NON-CRIMINAL,FOUND PROPERTY,Tuesday,9/15/2015,21:45,SOUTHERN,NONE,800 Block of BRYANT ST,-122.4034048,37.77542071,(37.775420706711/ -122.403404791479),1.51E+13
150812264,NON-CRIMINAL,AIDED CASE/ MENTAL DISTURBED,Tuesday,9/15/2015,21:45,SOUTHERN,NONE,400 Block of NATOMA ST,-122.4070391,37.78075652,(37.7807565183591/ -122.407039055082),1.51E+13
150811959,LARCENY/THEFT,PETTY THEFT OF PROPERTY,Tuesday,9/15/2015,21:30,TENDERLOIN,NONE,200 Block of OFARRELL ST,-122.4084963,37.78629619,(37.786296190453/ -122.408496298209),1.51E+13
150811551,NON-CRIMINAL,AIDED CASE/ MENTAL DISTURBED,Tuesday,9/15/2015,21:20,SOUTHERN,NONE,0 Block of 6TH ST,-122.4090112,37.78113406,(37.7811340568243/ -122.409011206639),1.51E+13
156229627,NON-CRIMINAL,LOST PROPERTY,Tuesday,9/15/2015,21:15,RICHMOND,NONE,800 Block of 31ST AV,-122.4907521,37.77318862,(37.773188616175/ -122.490752091097),1.56E+13
156228356,LARCENY/THEFT,GRAND THEFT FROM LOCKED AUTO,Tuesday,9/15/2015,21:15,INGLESIDE,NONE,5200 Block of DIAMONDHEIGHTS BL,-122.4390659,37.74427748,(37.7442774766877/ -122.439065944959),1.56E+13
150814000,SUSPICIOUS OCC,SUSPICIOUS OCCURRENCE,Tuesday,9/15/2015,21:15,SOUTHERN,NONE,500 Block of BRANNAN ST,-122.3977132,37.77746967,(37.7774696662398/ -122.397713226445),1.51E+13
150814000,NON-CRIMINAL,FOUND PROPERTY,Tuesday,9/15/2015,21:15,SOUTHERN,NONE,500 Block of BRANNAN ST,-122.3977132,37.77746967,(37.7774696662398/ -122.397713226445),1.51E+13
150811498,NON-CRIMINAL,AIDED CASE/ MENTAL DISTURBED,Tuesday,9/15/2015,21:14,SOUTHERN,NONE,HARRISON ST / 6TH ST,-122.4040716,37.77727419,(37.7772741854354/ -122.404071611406),1.51E+13
156229382,LARCENY/THEFT,GRAND THEFT FROM LOCKED AUTO,Tuesday,9/15/2015,21:14,TENDERLOIN,NONE,GROVE ST / MARKET ST,-122.4147438,37.77871926,(37.778719262789/ -122.414743835382),1.56E+13
156228594,LARCENY/THEFT,PETTY THEFT OF PROPERTY,Tuesday,9/15/2015,21:10,NORTHERN,NONE,2100 Block of UNION ST,-122.434695,37.79724575,(37.7972457460489/ -122.434695000374),1.56E+13
156228594,NON-CRIMINAL,LOST PROPERTY,Tuesday,9/15/2015,21:10,NORTHERN,NONE,2100 Block of UNION ST,-122.434695,37.79724575,(37.7972457460489/ -122.434695000374),1.56E+13
150811642,ASSAULT,BATTERY/ FORMER SPOUSE OR DATING RELATIONSHIP,Tuesday,9/15/2015,21:07,BAYVIEW,ARREST/ BOOKED,900 Block of CONNECTICUT ST,-122.3970892,37.75359879,(37.7535987880327/ -122.397089183868),1.51E+13
150811642,OTHER OFFENSES,VIOLATION OF RESTRAINING ORDER,Tuesday,9/15/2015,21:07,BAYVIEW,ARREST/ BOOKED,900 Block of CONNECTICUT ST,-122.3970892,37.75359879,(37.7535987880327/ -122.397089183868),1.51E+13
150811642,OTHER OFFENSES,RESISTING ARREST,Tuesday,9/15/2015,21:07,BAYVIEW,ARREST/ BOOKED,900 Block of CONNECTICUT ST,-122.3970892,37.75359879,(37.7535987880327/ -122.397089183868),1.51E+13
150811830,VANDALISM,MALICIOUS MISCHIEF/ VANDALISM OF VEHICLES,Tuesday,9/15/2015,21:00,TENDERLOIN,NONE,200 Block of ELLIS ST,-122.4103235,37.78512252,(37.7851225223607/ -122.410323495232),1.51E+13
150811830,LARCENY/THEFT,PETTY THEFT FROM LOCKED AUTO,Tuesday,9/15/2015,21:00,TENDERLOIN,NONE,200 Block of ELLIS ST,-122.4103235,37.78512252,(37.7851225223607/ -122.410323495232),1.51E+13
150827172,VEHICLE THEFT,STOLEN AUTOMOBILE,Tuesday,9/15/2015,21:00,MISSION,NONE,3100 Block of 24TH ST,-122.4157136,37.75235145,(37.7523514545194/ -122.415713588521),1.51E+13
150811523,OTHER OFFENSES,POSSESSION OF FIRECRACKERS,Tuesday,9/15/2015,20:50,SOUTHERN,UNFOUNDED,400 Block of 8TH ST,-122.4073207,37.77288491,(37.7728849096333/ -122.407320727025),1.51E+13
150811482,LARCENY/THEFT,GRAND THEFT FROM LOCKED AUTO,Tuesday,9/15/2015,20:45,NORTHERN,NONE,1300 Block of SUTTER ST,-122.4226076,37.78749589,(37.7874958858305/ -122.422607570621),1.51E+13
150811799,LARCENY/THEFT,PETTY THEFT FROM LOCKED AUTO,Tuesday,9/15/2015,20:30,CENTRAL,NONE,400 Block of GEARY ST,-122.4107216,37.78709665,(37.7870966495663/ -122.41072162587),1.51E+13
150811448,WARRANTS,ENROUTE TO OUTSIDE JURISDICTION,Tuesday,9/15/2015,20:29,TARAVAL,ARREST/ BOOKED,300 Block of SERRANO DR,-122.4804507,37.71901187,(37.7190118676786/ -122.480450749459),1.51E+13
150811824,ASSAULT,BATTERY,Tuesday,9/15/2015,20:26,SOUTHERN,NONE,800 Block of BRYANT ST,-122.4034048,37.77542071,(37.775420706711/ -122.403404791479),1.51E+13
150811573,LARCENY/THEFT,PETTY THEFT FROM LOCKED AUTO,Tuesday,9/15/2015,20:15,SOUTHERN,NONE,10TH ST / HARRISON ST,-122.4112792,37.77157858,(37.7715785765043/ -122.411279189969),1.51E+13
150811595,MISSING PERSON,MISSING ADULT,Tuesday,9/15/2015,20:15,CENTRAL,NONE,0 Block of JEFFERSON ST,-122.4133492,37.80846674,(37.8084667368908/ -122.413349164272),1.51E+13
150811595,MISSING PERSON,FOUND PERSON,Tuesday,9/15/2015,20:15,CENTRAL,NONE,0 Block of JEFFERSON ST,-122.4133492,37.80846674,(37.8084667368908/ -122.413349164272),1.51E+13
150811404,LARCENY/THEFT,GRAND THEFT FROM LOCKED AUTO,Tuesday,9/15/2015,20:15,SOUTHERN,NONE,900 Block of BRYANT ST,-122.4057731,37.77339356,(37.7733935593284/ -122.405773120598),1.51E+13
150811755,VANDALISM,MALICIOUS MISCHIEF/ VANDALISM,Tuesday,9/15/2015,20:07,NORTHERN,NONE,300 Block of HAYES ST,-122.4221809,37.77703951,(37.7770395107539/ -122.422180938873),1.51E+13
150811664,FRAUD,CREDIT CARD/ THEFT BY USE OF,Tuesday,9/15/2015,20:04,MISSION,NONE,500 Block of VALENCIA ST,-122.4218765,37.76408889,(37.7640888944532/ -122.421876488492),1.51E+13
150811664,LARCENY/THEFT,GRAND THEFT FROM A BUILDING,Tuesday,9/15/2015,20:04,MISSION,NONE,500 Block of VALENCIA ST,-122.4218765,37.76408889,(37.7640888944532/ -122.421876488492),1.51E+13
150812634,LARCENY/THEFT,GRAND THEFT FROM LOCKED AUTO,Tuesday,9/15/2015,20:00,NORTHERN,NONE,SUTTER ST / WEBSTER ST,-122.4315532,37.78630399,(37.7863039907166/ -122.431553200196),1.51E+13
150811410,VANDALISM,MALICIOUS MISCHIEF/ VANDALISM OF VEHICLES,Tuesday,9/15/2015,20:00,SOUTHERN,NONE,800 Block of BRANNAN ST,-122.404385,37.77219582,(37.7721958190345/ -122.404385042303),1.51E+13
156228481,NON-CRIMINAL,LOST PROPERTY,Tuesday,9/15/2015,20:00,NORTHERN,NONE,300 Block of VANNESS AV,-122.4202173,37.77915102,(37.7791510160099/ -122.420217273345),1.56E+13
150811341,OTHER OFFENSES,FIREARMS/ SEIZING AT SCENE OF DV,Tuesday,9/15/2015,19:46,RICHMOND,ARREST/ BOOKED,2500 Block of SUTTER ST,-122.4423647,37.78487505,(37.7848750530811/ -122.442364696255),1.51E+13
150811341,WEAPON LAWS,POSS OF FIREARM BY CONVICTED FELON/ADDICT/ALIEN,Tuesday,9/15/2015,19:46,RICHMOND,ARREST/ BOOKED,2500 Block of SUTTER ST,-122.4423647,37.78487505,(37.7848750530811/ -122.442364696255),1.51E+13
150811341,SECONDARY CODES,DOMESTIC VIOLENCE,Tuesday,9/15/2015,19:46,RICHMOND,ARREST/ BOOKED,2500 Block of SUTTER ST,-122.4423647,37.78487505,(37.7848750530811/ -122.442364696255),1.51E+13
150811363,OTHER OFFENSES,VIOLATION OF STAY AWAY ORDER,Tuesday,9/15/2015,19:41,TARAVAL,ARREST/ BOOKED,2600 Block of 23RD AV,-122.479728,37.73818027,(37.7381802710389/ -122.479727962334),1.51E+13
150811363,WARRANTS,WARRANT ARREST,Tuesday,9/15/2015,19:41,TARAVAL,ARREST/ BOOKED,2600 Block of 23RD AV,-122.479728,37.73818027,(37.7381802710389/ -122.479727962334),1.51E+13
150811733,OTHER OFFENSES,RESTRAINING ORDER NOTIFICATION/SERVICE OF RESTRAINING ORDER,Tuesday,9/15/2015,19:40,INGLESIDE,NONE,100 Block of VALDEZ AV,-122.4553651,37.73074648,(37.7307464795491/ -122.45536507779),1.51E+13
150811733,SECONDARY CODES,DOMESTIC VIOLENCE,Tuesday,9/15/2015,19:40,INGLESIDE,NONE,100 Block of VALDEZ AV,-122.4553651,37.73074648,(37.7307464795491/ -122.45536507779),1.51E+13
150811733,SUSPICIOUS OCC,INVESTIGATIVE DETENTION,Tuesday,9/15/2015,19:40,INGLESIDE,NONE,100 Block of VALDEZ AV,-122.4553651,37.73074648,(37.7307464795491/ -122.45536507779),1.51E+13
150812775,LARCENY/THEFT,GRAND THEFT SHOPLIFTING,Tuesday,9/15/2015,19:39,SOUTHERN,NONE,800 Block of MARKET ST,-122.406521,37.78506294,(37.7850629421661/ -122.406520987144),1.51E+13
150811357,ROBBERY,SHOPLIFTING/ FORCE AGAINST AGENT,Tuesday,9/15/2015,19:37,MISSION,ARREST/ BOOKED,2100 Block of MARKET ST,-122.4310099,37.76581393,(37.7658139265694/ -122.431009912441),1.51E+13
150811357,OTHER OFFENSES,CONSPIRACY,Tuesday,9/15/2015,19:37,MISSION,ARREST/ BOOKED,2100 Block of MARKET ST,-122.4310099,37.76581393,(37.7658139265694/ -122.431009912441),1.51E+13
150811272,WARRANTS,PAROLE SEARCH,Tuesday,9/15/2015,19:35,BAYVIEW,UNFOUNDED,0 Block of CAMERON WY,-122.3872476,37.72086924,(37.7208692407802/ -122.387247607197),1.51E+13
150811620,LARCENY/THEFT,GRAND THEFT FROM LOCKED AUTO,Tuesday,9/15/2015,19:30,CENTRAL,NONE,HYDE ST / CHESTNUT ST,-122.4197994,37.80292521,(37.8029252064148/ -122.419799431133),1.51E+13
150811391,LARCENY/THEFT,PETTY THEFT FROM LOCKED AUTO,Tuesday,9/15/2015,19:30,TENDERLOIN,NONE,700 Block of OFARRELL ST,-122.4171073,37.78532383,(37.7853238292094/ -122.417107256373),1.51E+13
156228340,LARCENY/THEFT,GRAND THEFT FROM LOCKED AUTO,Tuesday,9/15/2015,19:20,INGLESIDE,NONE,BOSWORTH ST / DIAMOND ST,-122.4341458,37.73355061,(37.7335506131208/ -122.434145789073),1.56E+13
150811432,LARCENY/THEFT,GRAND THEFT FROM LOCKED AUTO,Tuesday,9/15/2015,19:15,SOUTHERN,NONE,10TH ST / HARRISON ST,-122.4112792,37.77157858,(37.7715785765043/ -122.411279189969),1.51E+13
150812361,LARCENY/THEFT,GRAND THEFT FROM LOCKED AUTO,Tuesday,9/15/2015,19:00,MISSION,NONE,4000 Block of 24TH ST,-122.4329991,37.7513144,(37.7513144025718/ -122.432999088569),1.51E+13
156234159,LARCENY/THEFT,GRAND THEFT FROM LOCKED AUTO,Tuesday,9/15/2015,19:00,RICHMOND,NONE,21ST AV / GEARY BL,-122.4804521,37.78027905,(37.7802790505664/ -122.480452050119),1.56E+13
150811307,FRAUD,CREDIT CARD/ THEFT BY USE OF,Tuesday,9/15/2015,18:59,TENDERLOIN,NONE,0 Block of POWELL ST,-122.4078454,37.78509432,(37.7850943210103/ -122.407845374111),1.51E+13
150811307,SECONDARY CODES,ATM RELATED CRIME,Tuesday,9/15/2015,18:59,TENDERLOIN,NONE,0 Block of POWELL ST,-122.4078454,37.78509432,(37.7850943210103/ -122.407845374111),1.51E+13
150811329,LARCENY/THEFT,PETTY THEFT FROM LOCKED AUTO,Tuesday,9/15/2015,18:57,RICHMOND,NONE,1000 Block of GREAT HY,-122.5102257,37.76724422,(37.7672442209616/ -122.510225749052),1.51E+13
150811012,OTHER OFFENSES,DRIVERS LICENSE/ SUSPENDED OR REVOKED,Tuesday,9/15/2015,18:37,MISSION,ARREST/ BOOKED,POTRERO AV / 24TH ST,-122.4063384,37.75300429,(37.7530042877223/ -122.406338412685),1.51E+13
150811103,ASSAULT,BATTERY,Tuesday,9/15/2015,18:36,SOUTHERN,NONE,1200 Block of HOWARD ST,-122.4123497,37.77555585,(37.775555848279/ -122.412349694893),1.51E+13
150811846,ASSAULT,BATTERY/ FORMER SPOUSE OR DATING RELATIONSHIP,Tuesday,9/15/2015,18:30,CENTRAL,NONE,300 Block of BAY ST,-122.4127822,37.80566547,(37.8056654684523/ -122.412782236976),1.51E+13
156228475,LARCENY/THEFT,GRAND THEFT FROM LOCKED AUTO,Tuesday,9/15/2015,18:30,NORTHERN,NONE,AUSTIN ST / POLK ST,-122.4204025,37.78916438,(37.7891643767731/ -122.420402463683),1.56E+13
150811119,LARCENY/THEFT,GRAND THEFT FROM LOCKED AUTO,Tuesday,9/15/2015,18:30,MISSION,NONE,2300 Block of 16TH ST,-122.4095299,37.76571844,(37.7657184395282/ -122.409529913278),1.51E+13
150811846,ASSAULT,CHILD ABUSE (PHYSICAL),Tuesday,9/15/2015,18:30,CENTRAL,NONE,300 Block of BAY ST,-122.4127822,37.80566547,(37.8056654684523/ -122.412782236976),1.51E+13
150811846,ASSAULT,BATTERY,Tuesday,9/15/2015,18:30,CENTRAL,NONE,300 Block of BAY ST,-122.4127822,37.80566547,(37.8056654684523/ -122.412782236976),1.51E+13
156234472,LARCENY/THEFT,GRAND THEFT FROM LOCKED AUTO,Tuesday,9/15/2015,18:30,CENTRAL,NONE,200 Block of SACRAMENTO ST,-122.3984055,37.79441201,(37.7944120086129/ -122.39840549202),1.56E+13
150811131,MISSING PERSON,FOUND PERSON,Tuesday,9/15/2015,18:20,PARK,NONE,800 Block of BUENAVISTAWEST AV,-122.4425975,37.76931164,(37.7693116425317/ -122.442597549743),1.51E+13
150811131,TRESPASS,TRESPASSING,Tuesday,9/15/2015,18:20,PARK,NONE,800 Block of BUENAVISTAWEST AV,-122.4425975,37.76931164,(37.7693116425317/ -122.442597549743),1.51E+13
150811034,OTHER OFFENSES,VIOLATION OF STAY AWAY ORDER,Tuesday,9/15/2015,18:18,TENDERLOIN,ARREST/ BOOKED,GOLDEN GATE AV / LEAVENWORTH ST,-122.4138696,37.78186219,(37.7818621883021/ -122.413869632554),1.51E+13
150811034,OTHER OFFENSES,RESISTING ARREST,Tuesday,9/15/2015,18:18,TENDERLOIN,ARREST/ BOOKED,GOLDEN GATE AV / LEAVENWORTH ST,-122.4138696,37.78186219,(37.7818621883021/ -122.413869632554),1.51E+13
150811034,DRUG/NARCOTIC,POSSESSION OF HEROIN FOR SALES,Tuesday,9/15/2015,18:18,TENDERLOIN,ARREST/ BOOKED,GOLDEN GATE AV / LEAVENWORTH ST,-122.4138696,37.78186219,(37.7818621883021/ -122.413869632554),1.51E+13
150811034,DRUG/NARCOTIC,POSSESSION OF METH-AMPHETAMINE FOR SALE,Tuesday,9/15/2015,18:18,TENDERLOIN,ARREST/ BOOKED,GOLDEN GATE AV / LEAVENWORTH ST,-122.4138696,37.78186219,(37.7818621883021/ -122.413869632554),1.51E+13
150812907,LARCENY/THEFT,PETTY THEFT OF PROPERTY,Tuesday,9/15/2015,18:15,NORTHERN,NONE,CHURCH ST / DUBOCE AV,-122.4291288,37.76945562,(37.7694556178593/ -122.429128783477),1.51E+13
156228572,LARCENY/THEFT,PETTY THEFT OF PROPERTY,Tuesday,9/15/2015,18:15,NORTHERN,NONE,VANNESS AV / GEARY BL,-122.4213958,37.78568434,(37.7856843389472/ -122.421395819115),1.56E+13
156229138,LARCENY/THEFT,GRAND THEFT FROM LOCKED AUTO,Tuesday,9/15/2015,18:15,INGLESIDE,NONE,200 Block of JUANITA WY,-122.4563502,37.74079102,(37.7407910225016/ -122.456350209424),1.56E+13
150810939,OTHER OFFENSES,DRIVERS LICENSE/ SUSPENDED OR REVOKED,Tuesday,9/15/2015,18:05,BAYVIEW,ARREST/ BOOKED,WILLIAMS AV / 3RD ST,-122.3926255,37.72928044,(37.7292804432175/ -122.392625489263),1.51E+13
150815547,VEHICLE THEFT,STOLEN AUTOMOBILE,Tuesday,9/15/2015,18:00,INGLESIDE,NONE,300 Block of MADISON ST,-122.4221604,37.72477981,(37.7247798072181/ -122.422160420944),1.51E+13
150810995,OTHER OFFENSES,TRAFFIC VIOLATION,Tuesday,9/15/2015,18:00,PARK,ARREST/ BOOKED,PARNASSUS AV / WILLARD ST,-122.4542165,37.76430939,(37.7643093899804/ -122.454216519951),1.51E+13
150814765,ASSAULT,ELDER ADULT OR DEPENDENT ABUSE (NOT EMBEZZLEMENT OR THEFT),Tuesday,9/15/2015,18:00,NORTHERN,ARREST/ BOOKED,1100 Block of FILLMORE ST,-122.4321162,37.78003044,(37.7800304351156/ -122.432116233695),1.51E+13
150812571,LARCENY/THEFT,GRAND THEFT FROM LOCKED AUTO,Tuesday,9/15/2015,18:00,BAYVIEW,NONE,18TH ST / CONNECTICUT ST,-122.3974965,37.76252219,(37.7625221888175/ -122.397496481324),1.51E+13
150811175,SUSPICIOUS OCC,INVESTIGATIVE DETENTION,Tuesday,9/15/2015,18:00,TENDERLOIN,NONE,TURK ST / LEAVENWORTH ST,-122.4140563,37.78279311,(37.7827931071006/ -122.414056291891),1.51E+13
150812258,VEHICLE THEFT,STOLEN MOTORCYCLE,Tuesday,9/15/2015,18:00,NORTHERN,NONE,RETIRO WY / BEACH ST,-122.4380056,37.80423711,(37.8042371114098/ -122.438005649101),1.51E+13
156231672,LARCENY/THEFT,GRAND THEFT FROM LOCKED AUTO,Tuesday,9/15/2015,18:00,CENTRAL,NONE,NORTHPOINT ST / GRANT AV,-122.4088993,37.80716206,(37.8071620563289/ -122.408899279016),1.56E+13
156227740,LARCENY/THEFT,GRAND THEFT FROM LOCKED AUTO,Tuesday,9/15/2015,18:00,TARAVAL,NONE,800 Block of JUNIPERO SERRA BL,-122.4723633,37.72420096,(37.7242009572195/ -122.472363349921),1.56E+13
150813256,LARCENY/THEFT,GRAND THEFT FROM A BUILDING,Tuesday,9/15/2015,18:00,INGLESIDE,NONE,400 Block of PRENTISS ST,-122.4122524,37.73761407,(37.7376140665317/ -122.412252373587),1.51E+13
150814765,ASSAULT,INFLICT INJURY ON COHABITEE,Tuesday,9/15/2015,18:00,NORTHERN,ARREST/ BOOKED,1100 Block of FILLMORE ST,-122.4321162,37.78003044,(37.7800304351156/ -122.432116233695),1.51E+13
150814765,ASSAULT,THREATS AGAINST LIFE,Tuesday,9/15/2015,18:00,NORTHERN,ARREST/ BOOKED,1100 Block of FILLMORE ST,-122.4321162,37.78003044,(37.7800304351156/ -122.432116233695),1.51E+13
156229423,LARCENY/THEFT,PETTY THEFT OF PROPERTY,Tuesday,9/15/2015,18:00,PARK,NONE,800 Block of DIVISADERO ST,-122.4383931,37.77731869,(37.777318694956/ -122.438393115334),1.56E+13
150819373,SUSPICIOUS OCC,SUSPICIOUS OCCURRENCE,Tuesday,9/15/2015,18:00,RICHMOND,NONE,300 Block of 5TH AV,-122.4632102,37.78201445,(37.7820144487195/ -122.463210168307),1.51E+13
150811244,NON-CRIMINAL,FOUND PROPERTY,Tuesday,9/15/2015,18:00,NORTHERN,NONE,100 Block of BUCHANAN ST,-122.4268069,37.77113513,(37.7711351326806/ -122.426806877255),1.51E+13
150811062,ASSAULT,BATTERY/ FORMER SPOUSE OR DATING RELATIONSHIP,Tuesday,9/15/2015,17:59,BAYVIEW,ARREST/ BOOKED,BACON ST / SAN BRUNO AV,-122.4035953,37.7276341,(37.7276340992506/ -122.403595293514),1.51E+13
150811062,ASSAULT,AGGRAVATED ASSAULT WITH BODILY FORCE,Tuesday,9/15/2015,17:59,BAYVIEW,ARREST/ BOOKED,BACON ST / SAN BRUNO AV,-122.4035953,37.7276341,(37.7276340992506/ -122.403595293514),1.51E+13
150811062,DRUG/NARCOTIC,POSSESSION OF MARIJUANA FOR SALES,Tuesday,9/15/2015,17:59,BAYVIEW,ARREST/ BOOKED,BACON ST / SAN BRUNO AV,-122.4035953,37.7276341,(37.7276340992506/ -122.403595293514),1.51E+13
150811614,LARCENY/THEFT,PETTY THEFT FROM LOCKED AUTO,Tuesday,9/15/2015,17:58,RICHMOND,NONE,3200 Block of CALIFORNIA ST,-122.4476576,37.78720782,(37.787207821057/ -122.447657570247),1.51E+13
150811614,LARCENY/THEFT,GRAND THEFT FROM LOCKED AUTO,Tuesday,9/15/2015,17:58,RICHMOND,NONE,3200 Block of CALIFORNIA ST,-122.4476576,37.78720782,(37.787207821057/ -122.447657570247),1.51E+13
150810973,BURGLARY,BURGLARY OF STORE/ UNLAWFUL ENTRY,Tuesday,9/15/2015,17:57,TARAVAL,NONE,200 Block of WESTPORTAL AV,-122.4681175,37.73890001,(37.7389000144845/ -122.468117499815),1.51E+13
